-- phpMyAdmin SQL Dump
-- version 4.9.0.1
-- https://www.phpmyadmin.net/
--
-- Host: sql108.epizy.com
-- Generation Time: Feb 10, 2023 at 07:24 PM
-- Server version: 10.3.27-MariaDB
-- PHP Version: 7.2.22

SET SQL_MODE = "NO_AUTO_VALUE_ON_ZERO";
SET AUTOCOMMIT = 0;
START TRANSACTION;
SET time_zone = "+00:00";


/*!40101 SET @OLD_CHARACTER_SET_CLIENT=@@CHARACTER_SET_CLIENT */;
/*!40101 SET @OLD_CHARACTER_SET_RESULTS=@@CHARACTER_SET_RESULTS */;
/*!40101 SET @OLD_COLLATION_CONNECTION=@@COLLATION_CONNECTION */;
/*!40101 SET NAMES utf8mb4 */;

--
-- Database: `epiz_33415803_shopping`
--

-- --------------------------------------------------------

--
-- Table structure for table `admin`
--

CREATE TABLE `admin` (
  `id` int(11) NOT NULL,
  `username` varchar(255) NOT NULL,
  `password` varchar(255) NOT NULL,
  `creationDate` timestamp NOT NULL DEFAULT current_timestamp(),
  `updationDate` varchar(255) NOT NULL
) ENGINE=InnoDB DEFAULT CHARSET=latin1;

--
-- Dumping data for table `admin`
--

INSERT INTO `admin` (`id`, `username`, `password`, `creationDate`, `updationDate`) VALUES
(1, 'admin', '21232f297a57a5a743894a0e4a801fc3', '2017-01-24 16:21:18', '21-06-2018 08:27:55 PM');

-- --------------------------------------------------------

--
-- Table structure for table `category`
--

CREATE TABLE `category` (
  `id` int(11) NOT NULL,
  `categoryName` varchar(255) DEFAULT NULL,
  `categoryDescription` longtext DEFAULT NULL,
  `creationDate` timestamp NOT NULL DEFAULT current_timestamp(),
  `updationDate` varchar(255) DEFAULT NULL
) ENGINE=InnoDB DEFAULT CHARSET=latin1;

--
-- Dumping data for table `category`
--

INSERT INTO `category` (`id`, `categoryName`, `categoryDescription`, `creationDate`, `updationDate`) VALUES
(7, 'IT Shop', 'Ne kete kategori do te gjeni proudukte rreth IT-s.', '2023-01-19 16:39:59', NULL),
(8, 'TEKNIKA E BARDHË', 'Ne kete kategori do te gjeni proudukte shtepiake te teknikes se bardhe', '2023-01-30 16:55:17', NULL),
(9, 'VIDEO & AUDIO', 'Në këtë kategori mund të gjeni proudukte dhe aksesorë për Video & Audio', '2023-02-07 14:42:19', NULL);

-- --------------------------------------------------------

--
-- Table structure for table `orders`
--

CREATE TABLE `orders` (
  `id` int(11) NOT NULL,
  `userId` int(11) DEFAULT NULL,
  `productId` varchar(255) DEFAULT NULL,
  `quantity` int(11) DEFAULT NULL,
  `orderDate` timestamp NOT NULL DEFAULT current_timestamp(),
  `paymentMethod` varchar(50) DEFAULT NULL,
  `orderStatus` varchar(55) DEFAULT NULL
) ENGINE=InnoDB DEFAULT CHARSET=latin1;

--
-- Dumping data for table `orders`
--

INSERT INTO `orders` (`id`, `userId`, `productId`, `quantity`, `orderDate`, `paymentMethod`, `orderStatus`) VALUES
(1, 1, '3', 1, '2017-03-07 19:32:57', 'COD', NULL),
(3, 1, '4', 1, '2017-03-10 19:43:04', 'Debit / Credit card', 'Delivered'),
(4, 1, '17', 1, '2017-03-08 16:14:17', 'COD', 'in Process'),
(5, 1, '3', 1, '2017-03-08 19:21:38', 'COD', NULL),
(6, 1, '4', 1, '2017-03-08 19:21:38', 'COD', NULL),
(7, 4, '21', 1, '2023-01-19 17:22:19', 'Debit / Credit card', 'Delivered'),
(8, 5, '21', 1, '2023-01-19 17:37:26', 'Debit / Credit card', 'in Process'),
(9, 6, '21', 1, '2023-01-24 17:09:55', 'Debit / Credit card', 'Delivered'),
(10, 8, '28', 1, '2023-02-08 16:34:06', 'Debit / Credit card', 'Delivered'),
(11, 9, '27', 9, '2023-02-08 16:42:33', 'Debit / Credit card', 'Delivered'),
(12, 9, '29', 4, '2023-02-08 16:42:33', 'Debit / Credit card', NULL),
(13, 9, '38', 1, '2023-02-08 16:42:33', 'Debit / Credit card', NULL),
(14, 9, '135', 1, '2023-02-08 16:42:33', 'Debit / Credit card', NULL);

-- --------------------------------------------------------

--
-- Table structure for table `ordertrackhistory`
--

CREATE TABLE `ordertrackhistory` (
  `id` int(11) NOT NULL,
  `orderId` int(11) DEFAULT NULL,
  `status` varchar(255) DEFAULT NULL,
  `remark` mediumtext DEFAULT NULL,
  `postingDate` timestamp NOT NULL DEFAULT current_timestamp()
) ENGINE=InnoDB DEFAULT CHARSET=latin1;

--
-- Dumping data for table `ordertrackhistory`
--

INSERT INTO `ordertrackhistory` (`id`, `orderId`, `status`, `remark`, `postingDate`) VALUES
(1, 3, 'in Process', 'Order has been Shipped.', '2017-03-10 19:36:45'),
(2, 1, 'Delivered', 'Order Has been delivered', '2017-03-10 19:37:31'),
(3, 3, 'Delivered', 'Product delivered successfully', '2017-03-10 19:43:04'),
(4, 4, 'in Process', 'Product ready for Shipping', '2017-03-10 19:50:36'),
(5, 7, 'in Process', 'Produkti eshte duke u paketuar', '2023-01-19 17:23:33'),
(6, 7, 'Delivered', 'Produkti eshte dorezuar', '2023-01-19 17:23:57'),
(7, 8, 'in Process', 'Porosia eshte nisur', '2023-01-19 17:38:14'),
(8, 8, 'in Process', 'Porosia ka mberriutr ne prizren', '2023-01-19 17:38:49'),
(9, 8, 'in Process', 'Porosia ka mberriutr ne prizren', '2023-01-22 14:40:36'),
(10, 7, 'Delivered', 'Produkti eshte dorezuar', '2023-01-22 14:40:42'),
(11, 9, 'in Process', 'Porosia eshte duke u pergaditur', '2023-01-24 17:10:46'),
(12, 9, 'in Process', 'Porosia eshte nisur', '2023-01-24 17:11:01'),
(13, 9, 'Delivered', 'Porosia ka mberritur', '2023-01-24 17:11:17'),
(14, 10, 'in Process', 'Porosia eshte nisur', '2023-02-08 16:34:51'),
(15, 10, 'Delivered', 'porosia ka mberriut', '2023-02-08 16:36:17'),
(16, 11, 'Delivered', '1', '2023-02-08 16:42:51');

-- --------------------------------------------------------

--
-- Table structure for table `productreviews`
--

CREATE TABLE `productreviews` (
  `id` int(11) NOT NULL,
  `productId` int(11) DEFAULT NULL,
  `quality` int(11) DEFAULT NULL,
  `price` int(11) DEFAULT NULL,
  `value` int(11) DEFAULT NULL,
  `name` varchar(255) DEFAULT NULL,
  `summary` varchar(255) DEFAULT NULL,
  `review` longtext DEFAULT NULL,
  `reviewDate` timestamp NOT NULL DEFAULT current_timestamp()
) ENGINE=InnoDB DEFAULT CHARSET=latin1;

--
-- Dumping data for table `productreviews`
--

INSERT INTO `productreviews` (`id`, `productId`, `quality`, `price`, `value`, `name`, `summary`, `review`, `reviewDate`) VALUES
(2, 3, 4, 5, 5, 'Anuj Kumar', 'BEST PRODUCT FOR ME :)', 'BEST PRODUCT FOR ME :)', '2017-02-26 20:43:57'),
(3, 3, 3, 4, 3, 'Sarita pandey', 'Nice Product', 'Value for money', '2017-02-26 20:52:46'),
(4, 3, 3, 4, 3, 'Sarita pandey', 'Nice Product', 'Value for money', '2017-02-26 20:59:19'),
(5, 28, 5, 4, 5, 'Dea', 'vertet i mrekullueshem', 'Super kualitet', '2023-01-22 23:14:12'),
(6, 38, 5, 4, 5, 'Jona', 'Perfekt', 'No caption needed', '2023-01-26 22:01:12'),
(7, 38, 5, 4, 5, 'Jona', 'Perfekt', 'No caption needed', '2023-01-26 22:42:07');

-- --------------------------------------------------------

--
-- Table structure for table `products`
--

CREATE TABLE `products` (
  `id` int(11) NOT NULL,
  `category` int(11) NOT NULL,
  `subCategory` int(11) DEFAULT NULL,
  `productName` varchar(255) DEFAULT NULL,
  `productCompany` varchar(255) DEFAULT NULL,
  `productPrice` int(11) DEFAULT NULL,
  `productPriceBeforeDiscount` int(11) DEFAULT NULL,
  `productDescription` longtext DEFAULT NULL,
  `productImage1` varchar(255) DEFAULT NULL,
  `productImage2` varchar(255) DEFAULT NULL,
  `productImage3` varchar(255) DEFAULT NULL,
  `shippingCharge` int(11) DEFAULT NULL,
  `productAvailability` varchar(255) DEFAULT NULL,
  `postingDate` timestamp NULL DEFAULT current_timestamp(),
  `updationDate` varchar(255) DEFAULT NULL
) ENGINE=InnoDB DEFAULT CHARSET=latin1;

--
-- Dumping data for table `products`
--

INSERT INTO `products` (`id`, `category`, `subCategory`, `productName`, `productCompany`, `productPrice`, `productPriceBeforeDiscount`, `productDescription`, `productImage1`, `productImage2`, `productImage3`, `shippingCharge`, `productAvailability`, `postingDate`, `updationDate`) VALUES
(23, 7, 13, 'LAPTOP LENOVO IP3 14ADA05 ', 'Lenovo', 340, 0, '<br>', 'laptop4.jpg', 'laptop5.jpg', '', 2, 'In Stock', '2023-01-22 15:02:24', NULL),
(27, 7, 13, 'Apple MacBook Air 13.6\", M2 8-core, 8GB, 256GB, 8-core GPU, Silver', 'Apple', 1482, 0, '<span style=\"color: rgb(28, 28, 28); font-family: Roboto, sans-serif; letter-spacing: -0.2px;\"><b>Apple MacBook Air</b> vjen me një pamje shumë të rinovuar. Apple ka përmirësuar performancën, imazhin dhe zërin kundrejt gjeneratës me çipin M1. MacBook Air 13 (M2) është më i hollë, më i lehtë dhe ende ka qëndrueshmëri të madhe dhe funksionim krejtësisht të qetë. Me MacBook Air të ri (M2), ju merrni edhe më shumë fuqi për përdorime kërkuese si modifikimi i videove me definicion të lartë, dizajni grafik dhe aplikacione të tjera krijuese.</span><br>', 'mc2.jpg', 'mc3.jpg', 'mc4.jpg', 1, 'In Stock', '2023-01-22 22:52:57', NULL),
(28, 7, 13, 'Laptop Apple MacBook Pro 16, 16.2\", M1 Pro 10-bërthamor, 32GB RAM LPDDR4X, 1TB SSD, GPU 16-bërthamore, midnight', 'Apple', 3654, 4046, '<p style=\"-webkit-tap-highlight-color: transparent; color: rgb(28, 28, 28); font-family: Roboto, sans-serif; letter-spacing: -0.2px; margin-bottom: 0px; padding: 6px 0px;\">Tastiera te pjesa numerike ka disa simbole çeke. Ndërsa, Microsoft Office është në verzion provues ose nuk është i instaluar fare.</p><p style=\"-webkit-tap-highlight-color: transparent; color: rgb(28, 28, 28); font-family: Roboto, sans-serif; letter-spacing: -0.2px; margin-bottom: 0px; padding: 6px 0px;\">Baza e këtij versioni të veçantë të <b>Apple MacBook Pro 16</b> është një procesor 10-bërthamor Apple M1 Pro me një njësi të përpunimit të grafikëve 16-bërthamore dhe një motor nervor 16-bërthamor. Procesori gjithashtu përfshin 32 GB memorie operative RAM të llojit LPDDR4X.</p><p style=\"-webkit-tap-highlight-color: transparent; color: rgb(28, 28, 28); font-family: Roboto, sans-serif; letter-spacing: -0.2px; margin-bottom: 0px; padding: 6px 0px;\"><span style=\"letter-spacing: -0.2px;\">Pamjet sigurohen nga një ekran 16.2 \" Liquid Retina XDR me një rezolucion prej 3456 × 2234 px. Një disk SSD me kapacitet prej 1 TB është gati për të dhënat e përdoruesit.&nbsp;</span><br></p>', 'pro1.jpg', 'pro2.jpg', 'pro3.jpg', 2, 'In Stock', '2023-01-22 23:11:20', NULL),
(29, 7, 13, 'Laptop Acer Nitro 5 2021 (AN515-56), 15.6 \", Intel Core i5, 16GB RAM, 512GB SSD, NVIDIA GeForce RTX 3050, i zi', 'Acer', 980, 1118, '<span style=\"color: rgb(28, 28, 28); font-family: Roboto, sans-serif; letter-spacing: -0.2px;\">Tastiera te pjesa numerike ka disa simbole çeke. Ndërsa, Microsoft Office është në verzion provues ose nuk është i instaluar fare. Ky laptop është i pajisur me karakteristika të shkëlqyeshme. Ai mundësohet nga një procesor 4 -core Intel Core i5 11300H që funksionon me një frekuencë 3.1 GHz deri në 4.4 GHz. Procesori plotësohet me 16GB DDR4 SODIMM (slot). Hard disku 512 GB SSD M.2 PCIe NVMe shërben për të dhënat. Disku optik mungon. Të dhënat e figurës për ekranin 15.6 \" IPS me rezolucion 1920 x 1080 (Full HD) piksel janë siguruar nga kartela grafike NVIDIA GeForce RTX 3050.</span><span style=\"color: rgb(28, 28, 28); font-family: Roboto, sans-serif; letter-spacing: -0.2px;\">Laptopi vjen me sistemin operativ Windows 10 Home.</span><br>', 'acernitro.jpg', 'acer1.0.jpg', 'acer1.1.jpg', 2, 'In Stock', '2023-01-22 23:22:13', NULL),
(30, 7, 13, 'Laptop Lenovo IdeaPad Flex 5 16IAU7, 16\", Intel Core i5, 8GB RAM, 512GB SSD, Intel Iris Xe Graphics, gri', 'Lenovo', 923, 0, '<span style=\"color: rgb(28, 28, 28); font-family: Roboto, sans-serif; letter-spacing: -0.2px;\">Udhëtoni rehat, punoni dhe argëtohuni me laptopin e ri Lenovo IdeaPad Flex 5 16 të konvertueshëm.</span><span style=\"color: rgb(28, 28, 28); font-family: Roboto, sans-serif; letter-spacing: -0.2px;\">&nbsp;Laptopi përfshin një ekran me prekje 16\" (1920x1200 piksele, 300 nits, IPS). Mundësohet nga një procesor Intel Core i5-1235U me 10 bërthama (2 bërthama P 1.3/4.4 GHz, 8 bërthama E, 12 fibers, 12 MB). Ka një kapacitet memorie prej 8 GB LPDDR4x.</span><br><div><span style=\"color: rgb(28, 28, 28); font-family: Roboto, sans-serif; letter-spacing: -0.2px;\">&nbsp;Pajisja përfaqësohet nga kamera FHD, laps dixhital Lenovo, Dolby Audio, lexuesi i kartave të memories, lexuesi i gjurmëve të gishtërinjve, tastierë me dritë prapa. Windows 11 Home.</span><span style=\"color: rgb(28, 28, 28); font-family: Roboto, sans-serif; letter-spacing: -0.2px;\"><br></span></div>', 'lenovo1.jpg', 'lenovo1.0.jpg', 'lenovo1.1.jpg', 1, 'In Stock', '2023-01-22 23:27:47', NULL),
(31, 7, 13, 'Laptop Lenovo IdeaPad Flex 5 15ALC05, 15.6 \", AMD Ryzen 7, 16GB RAM, 512GB SSD, AMD Radeon Graphics, gri', 'Lenovo', 899, 0, '<span style=\"color: rgb(28, 28, 28); font-family: Roboto, sans-serif; letter-spacing: -0.2px;\">Baza e këtij modeli të laptopit të konvertueshëm Lenovo IdeaPad Flex 5 15ALC05 është një procesor AMD Ryzen 7 5700U me 8 bërthama (1.8/4.3 GHz, 16 threads, 8MB L3). Procesori plotësohet nga 16 GB memorie operative DDR4 (në pllakë / pa slot). Ekrani me prekje 15.6\" IPS Full HD (1920 x 1080 piksele, 250 nit, 45% NTSC) sigurohet nga karta grafike AMD Radeon Graphics. Hard disku 512 GB SSD M.2 PCIe NVMe është menduar për të dhënat e përdoruesit&nbsp;</span><span style=\"color: rgb(28, 28, 28); font-family: Roboto, sans-serif; letter-spacing: -0.2px;\">Një bateri 52.5 Wh përdoret për energji. Një laps Lenovo është përfshirë në paketë. Laptopi përdor sistemin operativ Windows 11 Home.</span><br>', 'lenovooo.jpg', 'lenovoo.jpg', 'lenovooooo.jpg', 2, 'In Stock', '2023-01-22 23:34:06', NULL),
(33, 7, 13, 'Laptop Dell G15 (5511), 15.6\" FHD, Intel Core i5, 16GB RAM DDR4, 512GB SSD, NVIDIA GeForce RTX 3050, i zi', 'Dell', 1000, 1100, '<span style=\"color: rgb(28, 28, 28); font-family: Roboto, sans-serif; letter-spacing: -0.2px;\">Tastiera te pjesa numerike ka disa simbole çeke. Ndërsa, Microsoft Office është në verzion provues ose nuk është i instaluar fare.</span><span class=\"ty-product-feature__label bbox\" style=\"-webkit-tap-highlight-color: transparent; display: inline-block; padding-right: 10px; vertical-align: top; box-sizing: border-box; width: 398.237px; color: rgb(28, 28, 28); font-family: Roboto, sans-serif; letter-spacing: -0.2px;\">Kapaciteti i memories [GB]:16, kapaciteti i SSD 512 GB, lloji i procesorit: Intel Core 5,ngjyra zezë.</span><div><span class=\"ty-product-feature__label bbox\" style=\"-webkit-tap-highlight-color: transparent; display: inline-block; padding-right: 10px; vertical-align: top; box-sizing: border-box; width: 398.237px; color: rgb(28, 28, 28); font-family: Roboto, sans-serif; letter-spacing: -0.2px;\">Sistemi operativ Windows 11 Home.</span><br></div>', 'dell.jpg', 'dell1.jpg', 'dell1.0.jpg', 2, 'In Stock', '2023-01-22 23:58:39', NULL),
(34, 7, 13, 'Laptop HP 17-cn0012nc, 17.3 \", Intel Core i3, 8GB RAM, 512GB SSD, Intel UHD Graphics, i bardhë', 'hp', 600, 653, '<p style=\"-webkit-tap-highlight-color: transparent; color: rgb(28, 28, 28); font-family: Roboto, sans-serif; letter-spacing: -0.2px; margin-bottom: 0px; padding: 6px 0px;\">Shënim: Tastiera te pjesa numerike ka disa simbole çeke. Ndërsa, Microsoft Office është në verzion provues ose nuk është i instaluar fare.</p><p style=\"-webkit-tap-highlight-color: transparent; color: rgb(28, 28, 28); font-family: Roboto, sans-serif; letter-spacing: -0.2px; margin-bottom: 0px; padding: 6px 0px;\">Laptopi elegant HP 17-cn0012nc me një ekran 17.3\" (1600 x 900 piksele, 250 nits, SVA) përdor një procesor Intel Core i3-1125G4 me 4 bërthama (2.0/3.7GHz, 8 threads, 8MB) për të punuar. Ai plotësohet gjithashtu me memorie operative 8 GB DDR4. Një hard disk 512 GB SSD PCIe NVMe është gati për sistemin, të dhënat dhe aplikacionet. Të dhënat e imazhit sigurohen nga një kartë grafike Intel UHD Graphics. Ndërfaqja ofron Wi-Fi ac, Bluetooth 4.2, HDMI, USB (1x Type-C, 2x 3.0), port të kombinuar audio. Pajisja përbëhet nga një kamerë HD dhe një tastierë me dritë prapa. Laptopi përmban sistemin operativ Windows 11 Home.</p>', 'HP1.jpg', 'HP2.jpg', 'HP3.jpg', 3, 'In Stock', '2023-01-26 21:35:43', NULL),
(35, 7, 13, 'Laptop HP 17-cn0012nc, 17.3 \", Intel Core i3, 8GB RAM, 512GB SSD, Intel UHD Graphics, i bardhë', 'hp', 600, 653, '<p style=\"-webkit-tap-highlight-color: transparent; color: rgb(28, 28, 28); font-family: Roboto, sans-serif; letter-spacing: -0.2px; margin-bottom: 0px; padding: 6px 0px;\">Shënim: Tastiera te pjesa numerike ka disa simbole çeke. Ndërsa, Microsoft Office është në verzion provues ose nuk është i instaluar fare.</p><p style=\"-webkit-tap-highlight-color: transparent; color: rgb(28, 28, 28); font-family: Roboto, sans-serif; letter-spacing: -0.2px; margin-bottom: 0px; padding: 6px 0px;\">Laptopi elegant HP 17-cn0012nc me një ekran 17.3\" (1600 x 900 piksele, 250 nits, SVA) përdor një procesor Intel Core i3-1125G4 me 4 bërthama (2.0/3.7GHz, 8 threads, 8MB) për të punuar. Ai plotësohet gjithashtu me memorie operative 8 GB DDR4. Një hard disk 512 GB SSD PCIe NVMe është gati për sistemin, të dhënat dhe aplikacionet. Të dhënat e imazhit sigurohen nga një kartë grafike Intel UHD Graphics. Ndërfaqja ofron Wi-Fi ac, Bluetooth 4.2, HDMI, USB (1x Type-C, 2x 3.0), port të kombinuar audio. Pajisja përbëhet nga një kamerë HD dhe një tastierë me dritë prapa. Laptopi përmban sistemin operativ Windows 11 Home.</p>', 'HP1.jpg', 'HP2.jpg', 'HP3.jpg', 3, 'In Stock', '2023-01-26 21:44:02', NULL),
(36, 7, 13, 'Laptop Acer Aspire 3 (A315-56), 15.6\", Intel Core i3, 8GB RAM, 256GB SSD, Intel UHD Graphics, i zi', 'Acer', 400, 0, '<span style=\"color: rgb(28, 28, 28); font-family: Roboto, sans-serif; letter-spacing: -0.2px;\">Shënim: Tastiera te pjesa numerike ka disa simbole çeke. Ndërsa, Microsoft Office është në verzion provues ose nuk është i instaluar fare. Laptopi Acer Aspire 3 (A315-56) në këtë version është ndërtuar mbi një procesor Intel Core i3-1005G1 me 2 bërthama, i cili ka teknologjinë HyperThreading për multitasking me aftësinë për të përpunuar deri në 2 procese njëkohësisht në një bërthamë dhe funksionon në një frekuencë prej 1.2 GHz, ose deri në 3.4 GHz në modalitetin TurboBoost. Procesori plotësohet gjithashtu me 8 GB memorie operative DDR4 (4 GB në pllakë / 4 GB slot).</span><span style=\"color: rgb(28, 28, 28); font-family: Roboto, sans-serif; letter-spacing: -0.2px;\">Laptopi përdor sistemin operativ Windows 11 në modalitetin S.</span><br>', 'acer1.jpg', 'acer2.jpg', 'acer3.jpg', 2, 'In Stock', '2023-01-26 21:47:36', NULL),
(37, 7, 13, 'Laptop Dell XPS 15 (9520) Touch, 15.6\', Intel Core i7, 32 GB RAM, 2TB SSD, NVIDIA GeForce RTX 3050Ti, i argjendtë', 'Dell', 3407, 0, '<span style=\"color: rgb(28, 28, 28); font-family: Roboto, sans-serif; letter-spacing: -0.2px;\">Shënim: Tastiera te pjesa numerike ka disa simbole çeke. Ndërsa, Microsoft Office është në verzion provues ose nuk është i instaluar fare. Laptopi është i pajisur me procesor të fuqishëm Intel Core i7 12700H me 6 bërthama. Memoria RAM ka kapacitet 32GB ndërsa për të dhëna ka 2TB SSD. Ekrani 15.6\' ofron rezolucion 3456x2160 pikselë në kombinim me kartën grafike NVIDIA GeForce RTX 3050Ti. Ofron porte të ndryshme për lidhje dhe sistem operativ Windows 11 Home</span><br>', 'dell11.jpg', 'dell12.jpg', 'dell13.jpg', 2, 'In Stock', '2023-01-26 21:51:49', NULL),
(38, 7, 16, 'Apple iPhone 14 Pro, 128GB, Gold', 'Apple', 1509, 0, '<span style=\"color: rgb(28, 28, 28); font-family: Roboto, sans-serif; letter-spacing: -0.2px;\">Dizajni, qëndrueshmëria, funksionet dhe teknologjia e klasit të parë, e gjithë kjo dhe shumë më tepër fshihen në modelin Apple iPhone 14 Pro.</span><span style=\"color: rgb(28, 28, 28); font-family: Roboto, sans-serif; letter-spacing: -0.2px;\">&nbsp;Baza e iPhone 14 Pro është sistemi operativ iOS 16, ndërsa truri i tij është çipi i fuqishëm A16 Bionic.i</span><span style=\"color: rgb(28, 28, 28); font-family: Roboto, sans-serif; letter-spacing: -0.2px;\">Phone 14 Pro krenohet me një grup të mirëkoordinuar kamerash të fuqishme. Kamera kryesore 48 MPx (f/1.78, stabilizim imazhi i gjeneratës së 2-të me zhvendosje sensori) + 12 MPx kënd ultra të gjerë (f/2.2, fusha e shikimit 120°) + 12 MPx (zoom 2x, f/1.78, stabilizim imazhi të gjeneratës së 2-të me zhvendosje sensorit) + 12 MPx (zoom 3x, f/2.8, stabilizim optik i imazhit). Celulari mund të regjsitroj video deri në 4K me 24/25/30/60 fps.</span><span style=\"color: rgb(28, 28, 28); font-family: Roboto, sans-serif; letter-spacing: -0.2px;\">&nbsp;Ka memorie të integruar me kapacitet 128GB. Ka konstruksion inox me Ceramic Shield në pjesën e përparme. Përmasat 147.5 x 71.5 x 7.85 mm. Pesha 206 g.</span><br>', '14pro.jpg', '14.1.jpg', '14.2.jpg', 2, 'In Stock', '2023-01-26 21:59:41', NULL),
(39, 7, 16, 'Apple iPhone 13, 256GB, Midnight', 'Apple', 1119, 1182, '<span style=\"color: rgb(28, 28, 28); font-family: Roboto, sans-serif; letter-spacing: -0.2px;\">Apple iPhone 13 është mundësuar nga një çip i fuqishëm A15 Bionic me 2 bërthama të performancës dhe 4 bërthama të kursimit të energjisë, një njësi të përpunimit të grafikëve me 4 bërthama dhe një motor Neural Engine me 16 bërthama. Memoria e brendshme me kapacitet prej 256 GB është e gatshme për sistemin, të dhënat dhe aplikacionet.</span><span style=\"color: rgb(28, 28, 28); font-family: Roboto, sans-serif; letter-spacing: -0.2px;\">krani 6.1\" 120 Hz Super Retina XDR me teknologji OLED dhe TrueTone ka një rezolucion prej 2532 × 1170 px me një përsosuri prej 460 ppi.</span><span style=\"color: rgb(28, 28, 28); font-family: Roboto, sans-serif; letter-spacing: -0.2px;\">Mund të përdorni kabllo ose teknologjitë wireless Qi dhe MagSafe për të karikuar atë. Senzorët përfshijnë: Face ID (identifikues të fytyrës), barometër, xhiroskop me tre boshte, përshpejtues, senzor afërsie, senzor të dritës së ambientit, busull digjitale. Celulari juaj ka të instaluar sistemin e ri operativ iOS 15.</span><br>', '13.jpg', '113.jpg', '1113.jpg', 1, 'In Stock', '2023-01-26 22:42:00', NULL),
(40, 7, 16, 'Apple iPhone 14 Pro Max, 128GB, Midnight', 'Apple', 1685, 0, '<div style=\"text-align: justify;\"><span style=\"color: rgb(28, 28, 28); font-family: Roboto, sans-serif; letter-spacing: -0.2px;\">Dizajni, qëndrueshmëria, funksionet dhe teknologjia e klasit të parë, e gjithë kjo dhe shumë më tepër fshihen në modelin Apple iPhone 14 Pro Max.</span><span style=\"color: rgb(28, 28, 28); font-family: Roboto, sans-serif; letter-spacing: -0.2px;\">Baza e iPhone 14 Pro Max është sistemi operativ iOS 16, ndërsa truri i tij është çipi i fuqishëm A16 Bionic. Falë këtij çifti, të gjitha aktivitetet e telefonit zhvillohen në harmoni të përsosur - shpejt dhe pa probleme. Shkarkoni skedarë, luani lojëra me shumë lojtarë, transmetoni filma - thjesht bëni gjithçka që dëshironi dhe keni nevojë pa kufi! 5G i shpejton gjërat jashtëzakonisht.</span><span style=\"color: rgb(28, 28, 28); font-family: Roboto, sans-serif; letter-spacing: -0.2px;\">Ka funksionet Face ID dhe Apple Pay. Mbështet Wi-Fi 6, Bluetooth v5.3, LTE, 5G, NFC me modalitetin e lexuesit. Prej karakteristikave të tjera, përfshin GPS me frekuencë të dyfishtë (GPS, BeiDou, GLONASS, QZSS, Galileo), busull dixhitale, mikrolokacion iBeacon, telefonatat me video FaceTime, Siri dhe tingull Dolby Atmos. Ka memorie të integruar me kapacitet 128GB. Ka konstruksion inox me Ceramic Shield në pjesën e përparme. Përmasat 160.7 x 77.6 x 7.85 mm. Pesha 240 g.</span></div>', '14max.jpg', '14.1max.jpg', '14.2max.jpg', 2, 'In Stock', '2023-01-26 22:46:15', NULL),
(41, 7, 16, 'Apple iPhone 14 Plus, 128GB, Purple', 'Apple', 1334, 0, '<div style=\"text-align: justify;\"><span style=\"color: rgb(28, 28, 28); font-family: Roboto, sans-serif; letter-spacing: -0.2px;\">Dizajni, cilësia dhe qëndrueshmëria, e gjithë kjo dhe shumë më tepër fshihen në modelin <b>Apple iPhone 14 Plus</b>. Ekrani 6.7\" OLED Super Retina XDR me mbështetje për teknologjinë True Tone, i cili përshtat ekranin me kushtet e dritës së ambientit, kujdeset për imazhin e sipërm të iPhone 14 Plus, duke ju kursyer sytë. Ekrani ka rezolucion 2778x1284 piksel në 458 ppi. iPhone 14 Plus krenohet me sistemin operativ iOS 16 dhe çipin e fuqishëm A15 Bionic.</span><span style=\"color: rgb(28, 28, 28); font-family: Roboto, sans-serif; letter-spacing: -0.2px;\">&nbsp;Kur flasim për ujë, nënkuptojmë mbrojtje perfekte nga zhytja e iPhone në ujë, dhe jo vetëm disa pika nga shiu. iPhone 14 Plus është krijuar për të mbajtur me ju gjatë gjithë ditës. Dhe nëse i mungon energjia, do të jetë vetëm çështje kohe që të rikarikohet. Ka karakteristika si zmadhimi optik 2x, dixhital 5x, modaliteti i portretit, modaliteti i natës, panorama, stilet e fotografive, etj. Përveç këtyre, poashtu përfshin modaliteti i filmit, regjistrimi i videos HDR me Dolby Vision, video time-lapse me stabilizim, modaliteti i natës, etj. Celulari mbështet Wi-Fi 6, Bluetooth v5.3, Gigabit LTE, 5G, NFC me modalitetin e lexuesit. Ka veçori si Face ID, Apple Pay, Apple Card. Përfshin GPS, BeiDou, GLONASS, QZSS, Galileo, busull dixhitale, mikrolokacioni iBeacon, telefonatat me video FaceTime dhe Siri. Mbështet karikimin wireless MagSafe deri në 15 W dhe Qi deri në 7.5 W. Ka memorie të integruar 128GB. Përmasat 160.8 x 78.1 x 7.8 mm. Pesha 203 g.</span></div>', '14pl.jpg', '14plu.jpg', '14plus.jpg', 2, 'In Stock', '2023-01-26 22:50:45', NULL),
(42, 7, 16, 'Apple iPhone 14 Plus, 256GB, Blue', 'Apple', 1400, 1488, '<div style=\"text-align: justify;\"><span style=\"color: rgb(28, 28, 28); font-family: Roboto, sans-serif; letter-spacing: -0.2px;\">Dizajni, cilësia dhe qëndrueshmëria, e gjithë kjo dhe shumë më tepër fshihen në modelin <b>Apple iPhone 14 Plus.</b> Ekrani 6.7\" OLED Super Retina XDR me mbështetje për teknologjinë True Tone, i cili përshtat ekranin me kushtet e dritës së ambientit, kujdeset për imazhin e sipërm të iPhone 14 Plus, duke ju kursyer sytë</span><span style=\"color: rgb(28, 28, 28); font-family: Roboto, sans-serif; letter-spacing: -0.2px;\">&nbsp;Celulari mund të regjistroj video deri në 4K me 24/25/30/60 fps. iPhone ka një konstruksion të qëndrueshëm me një vlerësim IP68, kështu që celulari është rezistent ndaj spërkatjeve të uji, pluhuri ose rënia. Kur flasim për ujë, nënkuptojmë mbrojtje perfekte nga zhytja e iPhone në ujë, dhe jo vetëm disa pika nga shiu. iPhone 14 Plus është krijuar për të mbajtur me ju gjatë gjithë ditës. Dhe nëse i mungon energjia, do të jetë vetëm çështje kohe që të rikarikohet. Ka karakteristika si zmadhimi optik 2x, dixhital 5x, modaliteti i portretit, modaliteti i natës, panorama, stilet e fotografive, etj. Përveç këtyre, poashtu përfshin modaliteti i filmit, regjistrimi i videos HDR me Dolby Vision, video time-lapse me stabilizim, modaliteti i natës, etj. Celulari mbështet Wi-Fi 6, Bluetooth v5.3, Gigabit LTE, 5G, NFC me modalitetin e lexuesit. Ka veçori si Face ID, Apple Pay, Apple Card. Përfshin GPS, BeiDou, GLONASS, QZSS, Galileo, busull dixhitale, mikrolokacioni iBeacon, telefonatat me video FaceTime dhe Siri. Mbështet karikimin wireless MagSafe deri në 15 W dhe Qi deri në 7.5 W. Ka memorie të integruar 256GB. Përmasat 160.8 x 78.1 x 7.8 mm. Pesha 203 g.</span></div>', 'p.jpg', 'pp.jpg', 'ppp.jpg', 2, 'In Stock', '2023-01-26 22:56:33', NULL),
(43, 7, 16, 'Apple iPhone 13 mini, 256GB, Pink', 'Apple', 1000, 0, '<p style=\"-webkit-tap-highlight-color: transparent; color: rgb(28, 28, 28); font-family: Roboto, sans-serif; letter-spacing: -0.2px; margin-bottom: 0px; padding: 6px 0px;\">Apple iPhone 13 mini është mundësuar nga një çip i fuqishëm A15 Bionic me 2 bërthama të performancës dhe 4 bërthama të kursimit të energjisë, një njësi të përpunimit të grafikëve me 4 bërthama dhe një motor Neural Engine me 16 bërthama. Memoria e brendshme me kapacitet prej 256 GB është e gatshme për sistemin, të dhënat dhe aplikacionet.</p><p style=\"-webkit-tap-highlight-color: transparent; color: rgb(28, 28, 28); font-family: Roboto, sans-serif; letter-spacing: -0.2px; margin-bottom: 0px; padding: 6px 0px;\">Ekrani 5.4\" Super Retina XDR me teknologji OLED dhe TrueTone ka një rezolucion prej 2340 × 1080 px me një përsosuri prej 476 ppi.</p><p style=\"-webkit-tap-highlight-color: transparent; color: rgb(28, 28, 28); font-family: Roboto, sans-serif; letter-spacing: -0.2px; margin-bottom: 0px; padding: 6px 0px;\"><span style=\"letter-spacing: -0.2px;\">Mund të përdorni kabllo ose teknologjitë wireless Qi dhe MagSafe për të karikuar atë. Senzorët përfshijnë: Face ID (identifikues të fytyrës), barometër, xhiroskop me tre boshte, përshpejtues, senzor afërsie, senzor të dritës së ambientit, busull digjitale. Celulari juaj ka të instaluar sistemin e ri operativ iOS 15.</span><br></p><p style=\"-webkit-tap-highlight-color: transparent; color: rgb(28, 28, 28); font-family: Roboto, sans-serif; letter-spacing: -0.2px; margin-bottom: 0px; padding: 6px 0px;\"><br></p>', 'mini.jpg', 'minii.jpg', 'miniii.jpg', 1, 'In Stock', '2023-01-26 22:59:16', NULL),
(44, 7, 14, 'Pajisje për rrjet access point D-Link DAP-2610', 'D-Link', 156, 0, '<span style=\"color: rgb(28, 28, 28); font-family: Roboto, sans-serif; letter-spacing: -0.2px;\">Pajisja për rrjet D-Link DAP-2610 është pajisja e duhur për rrjet interneti të shpejtë dhe të qëndrueshëm. Access point-i funksionon në frekuenca ( 2.4 GHz dhe 5GHz) me shpejtësi 1.3Gbps, ka protokolet e sigurisë WPA / WPA2 Personal / Enterprise, 64/128-bit WEP, MAC filter dhe WLAN partition, autentikim Local / POP3 / RADIUS / PassCode / LDAP dhe një port RJ-45 10 / 100 / 1000 Mbps.</span><br>', '1.jpg', '2.jpg', '2 (1).jpg', 2, 'In Stock', '2023-01-26 23:07:58', NULL),
(45, 7, 14, 'Pajisje për rrjet Zyxel VMG4005-B50A', 'Zyxel', 139, 0, '<span style=\"color: rgb(28, 28, 28); font-family: Roboto, sans-serif; letter-spacing: -0.2px;\">Urë lidhëse e fuqishme VDSL që mbështetë teknologjitë VDSL2 17a Bonding dhe 35b Single Line Bridge. Një standard G.vector është gjithashtu në dispozicion për të zvogëluar ndërhyrjet. Teknologjia TR-069 / TR-181 përdoret për konfigurimin në distancë. Shkalla e transferimit të të dhënave: 200 Mb / s (lidhja 17a), 300 Mb / s (35 b linja e vetme). Ndërfaqet: 1 x RJ-45, 1 x RJ-11. Pajisja ofron mbështetje për IPv6.</span><br>', 'z.jpg', 'zz.jpg', 'zzz.jpg', 2, 'In Stock', '2023-01-26 23:14:01', NULL),
(46, 7, 14, 'Pajisje për rrjet ASUS USB-N13 v2', 'Asus', 23, 0, '<span style=\"color: rgb(28, 28, 28); font-family: Roboto, sans-serif; letter-spacing: -0.2px;\">Modul USB me mbështetje të WiFi 802.11 b / g / n. Shkalla e transferimit deri në 300 Mbps. Pajisja përmbanë dy antena të brendshme. Mbështetë Windows X, Vista / 7. Ofron lidhshmëri të sigurt dhe të qëndrueshme, Performancë e lartë dhe dizajn me cilësi të lartë për shkarkim të shpejtë, transferimin e fajllave dhe rishikim të mediave. Pajisja për ndarjen pa tel 2-në-1 - Mund të shndërroni një WLAN adapter në një access point pa tel duke përdorur një program kompjuterik. Mbështetë PSP XLink Kai - Lidh lojtarët e PSP nga e gjithë bota. EZ WPS - Ju lejon të lidheni në Wi-Fi në vetëm 2 hapa me një buton hardware WPS</span><br>', '0.jpg', '1 (1).jpg', '', 2, 'In Stock', '2023-01-26 23:17:08', NULL),
(48, 7, 15, 'Kompjuter HP Desktop M01-F2051nc, Intel Core i3, 8GB RAM, 512GB SSD, Intel UHD Graphics, i zi', 'hp', 619, 0, '<span style=\"color: rgb(28, 28, 28); font-family: Roboto, sans-serif; letter-spacing: -0.2px;\">Një kompjuter personal i krijuar në mënyrë elegante nga seria HP Desktop M01, i cili përfshin një procesor Intel Core i3-12100 me 4 bërthama (4 bërthama P 3.3/4.3 GHz, 8 threads, 12 MB). Procesori plotësohet gjithashtu me 8 GB memorie operative DDR4 (në një slot / 1 slot i lirë). Ekrani trajtohet nga karta grafike Intel UHD Graphics. Një hard disk 512 GB PCIe NVMe M.2 është gati për të dhënat e përdoruesit. Pajisja përbëhet nga një tastierë dhe maus USB, një furnizim me energji 310 W. Lidhja me rrjetin sigurohet nga wireless Wi-Fi ac dhe ka edhe Bluetooth 5.0. Ofrohen gjithashtu ndërfaqe GLAN, VGA, HDMI, 1x përshtatës HP Serial Port, 8x USB (4x 2.0, 4x 3.0). Kompjuteri vjen pa sistem operativ.</span><br>', 'a.jpg', 'aa.jpg', 'aaa.jpg', 3, 'In Stock', '2023-01-26 23:37:14', NULL),
(49, 7, 15, 'Kompjuter HP Desktop M01-F2001nc, Intel Core i3, 16GB RAM, 512GB SSD, Intel UHD Graphics, i zi', 'hp', 792, 0, '<span style=\"color: rgb(28, 28, 28); font-family: Roboto, sans-serif; letter-spacing: -0.2px;\">Një kompjuter personal i krijuar në mënyrë elegante nga seria HP Desktop M01, i cili përfshin një procesor Intel Core i3-12100 me 4 bërthama (4 bërthama P 3.3/4.3 GHz, 8 threads, 12 MB). Procesori plotësohet gjithashtu me 16 GB memorie operative DDR4 (në një slot / 1 slot i lirë). Ekrani trajtohet nga karta grafike Intel UHD Graphics. Një hard disk 512GB PCIe NVMe M.2 është gati për të dhënat e përdoruesit. Pajisja përbëhet nga një tastierë dhe maus USB, një furnizim me energji 310 W. Lidhja me rrjetin sigurohet nga wireless Wi-Fi ac dhe ka edhe Bluetooth 5.0. Ofrohen gjithashtu ndërfaqe GLAN, VGA, HDMI, 1x HP Serial Port, 8x USB (4x 2.0, 4x 3.0). Kompjuteri vjen me sistemin operativ Windows 11 Home.</span><br>', 'a.jpg', 'aaa.jpg', 'aa.jpg', 3, 'In Stock', '2023-01-26 23:39:46', NULL),
(51, 7, 13, 'Laptop ASUS W210MA, 11.6\", Intel Celeron, 4GB RAM, 128GB eMMC, Intel UHD Graphics, rozë', 'ASUS', 336, 0, '<span style=\"color: rgb(28, 28, 28); font-family: Roboto, sans-serif; letter-spacing: -0.2px;\">Shënim: Tastiera te pjesa numerike ka disa simbole çeke. Ndërsa, Microsoft Office është në verzion provues ose nuk është i instaluar fare. Ky model i laptopit ASUS W210MA përdor një procesor Intel Celeron N4020 me 2 bërthama, i cili funksionon në një frekuencë prej 1.1 GHz me mundësinë e rritjes së saj deri në 2.8 GHz në modalitetin TurboBoost. Procesori plotësohet gjithashtu me 4 GB memorie operative DDR4 (në pllakë / pa slot). Të dhënat e imazhit për ekranin 11.6\" HD (1366 x 768 piksele, 200 nits, NTSC 45%) sigurohen nga karta grafike Intel UHD Graphics. Një hard disk 128 GB eMMC është i disponueshëm për sistemin, aplikacionet dhe të dhënat e përdoruesit (mundësia e instalimi i një SSD M.2). Laptopi është i pajisur me grupin e nevojshëm të ndërfaqeve, duke përfshirë wireless Wi-Fi ac dhe Bluetooth 4.2. Ka gjithashtu 3 porte USB (1x 3.0/3.1/3.2 Gen 1, 1x Type-C 3.1/3.2 Gen 1, 1x 2.0), kamera, HDMI, lidhës i kombinuar audio dhe zë SonicMaster. Shasia është prej plastike dhe mundësohet nga një bateri 38 Wh. Laptopi vjen me sistemin operativ Windows 11 në modalitetin S.</span><br>', 'as.jpg', 'ass.jpg', 'asusss.jpg', 2, 'In Stock', '2023-02-04 21:07:27', NULL),
(52, 7, 13, 'Laptop Fujitsu LifeBook A3511, 15.6\" Full HD, Intel Core i3, 8GB RAM DDR4, 256GB SSD, Intel UHD Graphics, i zi', 'Fujitsu ', 380, 432, '<span style=\"color: rgb(28, 28, 28); font-family: Roboto, sans-serif; letter-spacing: -0.2px;\">Shënim: Tastiera te pjesa numerike ka disa simbole çeke. Ndërsa, Microsoft Office është në verzion provues ose nuk është i instaluar fare. Ky model laptopi Fujitsu Lifebook A3511 është i pajisur me një procesor Intel Core i3-1115G4 me 2 bërthama, i cili përmban teknologjinë HyperThreading për kryerjen më të lehtë të shumë detyrave me aftësinë për të përpunuar deri në 2 procese njëkohësisht në një bërthamë dhe funksionon në 3 GHz ose deri në 4.1 GHz në modalitetin turbo. Procesori plotësohet nga 8 GB memorie operative RAM të llojit DDR4. Ekrani 15.6 \" ofron një rezolucion Full HD prej 1920 x 1080 px dhe të dhënat e imazhit sigurohen nga një kartelë grafike Intel UHD Graphics. Një hard disk SSD M.2 PCIe NVMe me kapacitet prej 256 GB është projektuar për sistemin, aplikacionet dhe të dhënat e përdoruesit. Opsionet e komunikimit përfshijnë përdorimin e teknologjisë wireless Wi-Fi ax ose Bluetooth 5.1 dhe lidhjes me kabllo Gigabit Ethernet. Karakteristika të tjera përfshijnë porte të mjaftueshme USB (3x 3.0 / 3.1 / 3.2 Gen 1, 1x Tip-C 3.1 / 3.2 Gen 2), lidhës audio, HDMI ,lexues të kartave të memories dhe kamerë HD. Funksionimi i tij mundësohet nga një bateri 45 Wh. Ky laptop vjen pa sistem operativ.</span><br>', 'fujitsu.jpg', 'fujitsu2.jpg', 'fujtistu3.jpg', 3, 'In Stock', '2023-02-04 21:13:39', NULL),
(53, 7, 13, 'Laptop HP OMEN 17-ck0003nc (2021), 17.3\', Intel Core i7, 32GB RAM, 1TB SSD, NVIDIA GeForce RTX 3080, i zi', 'HP', 2, 3, '<span style=\"color: rgb(28, 28, 28); font-family: Roboto, sans-serif; letter-spacing: -0.2px;\">Shënim: Tastiera te pjesa numerike ka disa simbole çeke. Ndërsa, Microsoft Office është në verzion provues ose nuk është i instaluar fare. Ky laptop ka procesor të fuqishëm Intel Core i7 11800H me 8 bërthama dhe memorie RAM 32 GB ndërsa për të dhëna 1 TB SSD. Ekrani 17.3\' ka rezolucion 2560 x 1440 (WQHD) pikselë në kombinim me kartelën grafike NVIDIA GeForce RTX 3080. Mbështet WiFi, Bluetooth, porte USB dhe sistem operativ Windows 10 Home.</span><br>', 'omen.jpg', 'omen2.jpg', 'omen3.jpg', 3, 'In Stock', '2023-02-04 21:16:03', NULL),
(54, 7, 16, 'Apple iPhone 12, 64GB, Blue', 'iPhone', 869, 925, '<span style=\"color: rgb(28, 28, 28); font-family: Roboto, sans-serif; letter-spacing: -0.2px;\">Apple iPhone 12 është mundësuar nga një çip i fuqishëm A14 Bionic me motorin Neural Engine të gjeneratës së fundit dhe performancë më të lartë të të mësuarit të makinës. Memorie e brendshme me kapacitet prej 64 GB është e gatshme për sistemin, të dhënat dhe aplikacionet.</span><br><div><span style=\"color: rgb(28, 28, 28); font-family: Roboto, sans-serif; letter-spacing: -0.2px;\">Celulari është rezistent ndaj ujit dhe pluhurit sipas specifikimit të mbrojtjes IP68. Teknologjitë wireless Bluetooth 5.0, NFC, Wi-Fi ax ose LTE dhe 5G sigurojnë lidhje të shpejtë. Ekziston edhe një marrës GPS / GLONASS / Galileo / QZSS / BeiDou dhe ndërfaqja Lightning. Mund të përdorni kabllon MagSafe ose teknologjinë wireless Qi për karikim. Senzorët përfshijnë: Face ID, barometer, xhiroskop me tre akse, akselerometër, senzor të afërsisë, senzor të dritës së ambientit dhe busullë digjitale. Celulari juaj ka të instaluar sistemin e ri operativ iOS 14.</span><span style=\"color: rgb(28, 28, 28); font-family: Roboto, sans-serif; letter-spacing: -0.2px;\"><br></span></div>', '12.jpg', '122.jpg', '1222.jpg', 2, 'In Stock', '2023-02-04 21:20:27', NULL),
(55, 7, 16, ' Apple iPhone 12, 128GB, Purple', 'iPhone', 919, 983, '<span style=\"color: rgb(28, 28, 28); font-family: Roboto, sans-serif; letter-spacing: -0.2px;\">Apple iPhone 12 është mundësuar nga një çip i fuqishëm A14 Bionic me motorin Neural Engine të gjeneratës së fundit dhe performancë më të lartë të të mësuarit të makinës. Memorie e brendshme me kapacitet prej 128 GB është e gatshme për sistemin, të dhënat dhe aplikacionet.</span><br><div><span style=\"color: rgb(28, 28, 28); font-family: Roboto, sans-serif; letter-spacing: -0.2px;\">Celulari është rezistent ndaj ujit dhe pluhurit sipas specifikimit të mbrojtjes IP68. Teknologjitë wireless Bluetooth 5.0, NFC, Wi-Fi ax ose LTE dhe 5G sigurojnë lidhje të shpejtë. Ekziston edhe një marrës GPS / GLONASS / Galileo / QZSS / BeiDou dhe ndërfaqja Lightning. Mund të përdorni kabllon MagSafe ose teknologjinë wireless Qi për karikim. Senzorët përfshijnë: Face ID, barometer, xhiroskop me tre akse, akselerometër, senzor të afërsisë, senzor të dritës së ambientit dhe busullë digjitale. Celulari juaj ka të instaluar sistemin e ri operativ iOS 14.</span><span style=\"color: rgb(28, 28, 28); font-family: Roboto, sans-serif; letter-spacing: -0.2px;\"><br></span></div>', '12p.jpg', '12pp.jpg', '12ppp.jpg', 2, 'In Stock', '2023-02-04 21:22:25', NULL),
(56, 7, 16, 'Celular Samsung Galaxy S22 Ultra, 6.8\", 12GB RAM, 512GB, Burgundy', 'Samsung ', 1550, 0, '<span style=\"color: rgb(28, 28, 28); font-family: Roboto, sans-serif; letter-spacing: -0.2px;\">Dizajni i hollë dhe elegant i Galaxy S22 Ultra fsheh fotografi të pafundme ditën dhe natën, një studio pune profesionale dhe veçori novatore që ju mbajnë larg duarve. Çipi grafik përdor arkitekturën e avancuar RDNA 2 të AMD dhe teknologjinë Ray Tracing për të ofruar një përvojë vizuale të nivelit të lartë me ndriçim realist të skenës. Me një maksimum verbues prej 1750 nits, Galaxy S22 Ultra është një nga telefonat më të ndritshëm nga Samsung ndonjëherë dhe ekran Dynamic AMOLED 2X me Vision Booster, bllokon në mënyrë efektive shkëlqimin e bezdisshëm në ekran. Kamera e pasme ka një rezolucion prej 108 + 12 + 10 + 10 Mpx, kurse kamera e përparme 40 Mpx.</span><span style=\"color: rgb(28, 28, 28); font-family: Roboto, sans-serif; letter-spacing: -0.2px;\">Përdorni S Pen inteligjent për saktësi dhe efikasitet maksimal.</span><span style=\"color: rgb(28, 28, 28); font-family: Roboto, sans-serif; letter-spacing: -0.2px;\">Sistemi operativ Android 12, One UI 4.1.</span><span style=\"color: rgb(28, 28, 28); font-family: Roboto, sans-serif; letter-spacing: -0.2px;\">&nbsp;Ofron mbështetje për karikim pa kabllo si dhe dy hapësira për kartë SIM me teknologji eSIM. Vjen me material alumini dhe xhami.</span><br>', 'ultra.jpg', '', '', 4, 'In Stock', '2023-02-04 21:30:00', NULL),
(57, 7, 16, 'Celular Samsung Galaxy S23 Ultra, 6.8\", 8GB RAM, 256GB, i gjelbër', 'Samsung ', 1, 0, '<span style=\"color: rgb(28, 28, 28); font-family: Roboto, sans-serif; letter-spacing: -0.2px;\">Dizajni i hollë dhe elegant i Galaxy S23 Ultra fsheh fotografi të pafundme ditën dhe natën, një studio pune profesionale dhe veçori novatore që ju mbajnë larg duarve. Çipi grafik përdor arkitekturën e avancuar RDNA 2 të AMD dhe teknologjinë Ray Tracing për të ofruar një përvojë vizuale të nivelit të lartë me ndriçim realist të skenës. Me një maksimum verbues prej 1750 nits, Galaxy S23 Ultra është një nga telefonat më të ndritshëm nga Samsung ndonjëherë dhe ekran Dynamic&nbsp;</span><br>', 'ultra1.jpg', 'ultra2.jpg', 'ultra3.jpg', 4, 'In Stock', '2023-02-04 21:35:15', NULL),
(58, 7, 17, 'Printer Canon PIXMA MG3650S, i bardhë', 'Canon', 117, 0, '<span style=\"color: rgb(28, 28, 28); font-family: Roboto, sans-serif; letter-spacing: -0.2px;\">PIXMA MG3650S e Canon siguron printim të pafund të fotografive me cilësi të lartë në 44 sekonda. Gjithashtu ju lejon të printoni në letër të zakonshme duke përdorur 2 shishe për printim bardhë e zi dhe me ngjyra në 9,9 ipm dhe 5,7 ipm. Natyrisht që ekziston shtypja automatike e dyanshme, ruajtja e te dhënave të cloud Canon PRINT dhe Cloud Link. Printeri mund të lidhet me valë përmes Wi-Fi. Nuk bën zhurmë, printon në 43.5 dB, peshon 5.4 kg dhe madhësia e tij është 449x304x152.</span><br>', '0.jpg', '1.jpg', '2.jpg', 3, 'In Stock', '2023-02-04 21:55:54', NULL),
(59, 7, 17, 'Printer Canon ImagePROGRAF TM-300 (A0 - 36\"), i zi + mbajtëse', 'Canon', 1999, 0, '<p style=\"-webkit-tap-highlight-color: transparent; color: rgb(28, 28, 28); font-family: Roboto, sans-serif; letter-spacing: -0.2px; margin-bottom: 0px; padding: 6px 0px;\">Printeri me ngjyra me format të madh Canon ImagePROGRAF TM-300 jep printim cilësor. Printeri ofron përmasa kompakte dhe funksionim të lehtë. Sistemi i ngjyrës me pigment të plotë i Lucia TD siguron cilësinë e printimit.</p><p style=\"-webkit-tap-highlight-color: transparent; color: rgb(28, 28, 28); font-family: Roboto, sans-serif; letter-spacing: -0.2px; margin-bottom: 0px; padding: 6px 0px;\">Sistemi i ngjyrave të pigmentuara plotësisht me ngjyra Lucia TD siguron cilësi të lartë të printimit me ngjyra të pasura dhe vija të mprehta. Mund të printoni deri në 144 faqe A1 në orë me të njëjtën cilësi.</p><p style=\"-webkit-tap-highlight-color: transparent; color: rgb(28, 28, 28); font-family: Roboto, sans-serif; letter-spacing: -0.2px; margin-bottom: 0px; padding: 6px 0px;\">Përmasat e vogla (1289 x 887 x 1060 mm) dhe ndërprerja e mençur e Canon ImagePROGRAF TM-300 ju lejojnë të maksimizoni hapësirën tuaj të punës.</p>', '0 (1).jpg', '1 (1).jpg', '2 (1).jpg', 3, 'In Stock', '2023-02-04 21:58:13', NULL),
(60, 7, 17, 'Printer Epson Expression Premium XP-6000', ' Epson', 208, 0, '<span style=\"color: rgb(28, 28, 28); font-family: Roboto, sans-serif; letter-spacing: -0.2px;\">Epson Expression Premium XP-6000 është printeri i përsosur për zyrën apo shtëpinë tuaj. I krijuar prej materialit të fortë dhe të qëndrueshëm, printeri do ju mundësoj printime të shpejta dhe pa ndërprerje me apo pa ngjyrë në kualitetin më të lartë. Falë ekranit LCD ju do të mund ta përdorni pa ndihmën e kompjuterit. Printeri vjen me rezolucion prej 5760 x 1440 dpi në printim dhe 1200 x 4800 dpi në skanim gjë që ju mundëson të printoni 11 fletë në sekond me ngjyra dhe 15 fletë në sekond bardhë e zi. Pos kësaj, ajo mund të lidhet me kompjuter nëpërmjet konektorit USB dhe ka 349 x 340 x 142 mm madhësi.</span><br>', '10.jpg', '100.jpg', '1000.jpg', 3, 'In Stock', '2023-02-04 22:13:56', NULL),
(61, 7, 17, 'Printer multifunksional Brother MFC-B7715DW, i hirtë', 'Brother', 396, 0, '<span style=\"color: rgb(28, 28, 28); font-family: Roboto, sans-serif; letter-spacing: -0.2px;\">Printeri multifunksional Brother MFC-B7715DW ka 3 mjete në një vend, një printer laserik bardhë e zi, një kopjues dhe një skaner me ngjyra. Performancat, dizajni dhe dimensionet kompakte plotësojnë nevojat e një zyreje të vogël. Printeri kopjon deri në 34 fleta në minutë. Ka lidhës USB, WiFi, rezolucion printimi: 600 x 600 dpi, HQ1200 (2400 x 600 dpi), rezolucion skenimi deri në: 600 x 2400 dpi. Ai është një printer i dy-anshëm automatik, që posedon një procesor të fuqishëm i cili vepron në 600 MHz dhe plotësohet me 128 MB memorie printimi.</span><br>', 'brother.jpg', 'brother1.jpg', 'brother11.jpg', 2, 'In Stock', '2023-02-04 22:18:13', NULL),
(62, 7, 17, 'Printer faturash Brother PPT-H110', 'Brother', 56, 0, '<span style=\"color: rgb(28, 28, 28); font-family: Roboto, sans-serif; letter-spacing: -0.2px;\">Printeri i faturave Brother PPT - H110 do iu ndihmoj të organizoni ambientin tuaj të punës përsosshmërisht dhe me lehtësi. Falë dizajnit të tij të lehtë, ju do të mund ta mbani me vete në çdo moment dhe në çdo kohë! Printeri funksionon me principin e transferimit termal të ngjyrës në letër e cila iu mundëson të keni dokumente të printuara me kualitet të lartë. Printeri iu mundëson të printoni në shiritë letrë me madhësi TZ 3.5 / 6 / 8 / 12 mm me rezolucion 180 dpi, mund të printoni në 10 fonte shkronjash të ndryshme, 15 lloje kuadri, printim në dy linja, zgjidhni nga 3 fonte dhe më shumë. Aksesori mund të funksionoj me adapterin AD-24ES (që nuk vjen në pako) apo me 6X bateri alkaline AAA. Në pako me printerin vjen dhe një shirit TZ-231 (12 mm e gjerë, me shtyp të zi në të bardhë, 4 m të gjatë - TZ-231)</span><br>', '0 (2).jpg', '1 (2).jpg', '2 (2).jpg', 3, 'In Stock', '2023-02-04 22:25:21', NULL),
(63, 7, 17, 'Printer i kartave plastike Badgy 200, i bardhë / zi', 'Badgy', 1065, 0, '<span style=\"color: rgb(28, 28, 28); font-family: Roboto, sans-serif; letter-spacing: -0.2px;\">Badgy 200 all-in-one ju lejon të krijoni dhe printoni kartat tuaja plastike të personalizuara. Mund të printoni deri në 95 karta në orë. Ky printer është i pajtueshëm me Windows XP, Vista, Windows 7 dhe 8 dhe MacOS 10.6, 10.7 10.8, 10.9. Softueri Evolis Badge Studio Plus është i disponueshëm. Printeri i kartave Badgy 200 ofron modalitet të zgjatur gatishmërie dhe konsum të reduktuar të energjisë. Printeri vjen me shumë gjëra të nevojshme. Në paketë do të gjeni shirit me ngjyra dhe 100 karta, plus versionin Plus të softuerit për krijimin e kartave. Ka lidhës USB 2.0. Përmasat: 147x200x276 mm, pesha: 1.7 kg.</span><br>', 'k.jpg', 'k1.jpg', 'k11.jpg', 2, 'In Stock', '2023-02-04 22:32:21', NULL),
(64, 8, 19, 'RROBALARËSE SAMSUNG WW80T554DAW/S7 8KG ', 'Samsung ', 799, 0, '<span style=\"color: rgb(90, 104, 112); font-family: &quot;Neue Helvetica W02&quot;, Arial, Helvetica, sans-serif; font-size: 14px;\">Teknologjia Samsung bën të sigurt që çdo lloj pëlhure të lahet në mënyrën më të mirë të mundshme. Kjo është gjithmonë kombinim optimal i temperaturës, sasisë së ujit, kohës dhe shpejtësisë së shtrydhjes. Nëse rrobat tuaja kanë nevojë për një përkujdesje më të veçantë, larja e të pambuktave dhe rrobave me fibra sintetike mund të optimohet me mënyra dhe funksione shtesë. NormalCare bën kombinimin optimal të katër parametrave për çdo ngarkesë rrobash; TimeCare redukton kohën larjes; AllergyCare përdor më shumë ujë dhe shtrydhje shtesë; dhe EcoCare shfrytëzon energjinë me më shumë efektivitet.</span>', '2.png', '100.png', '', 2, 'In Stock', '2023-02-04 23:14:25', NULL),
(65, 8, 19, 'RROBALARËSE SHARP ESHFA9143W3EE 9KG 1400 RPM', 'SHARP', 380, 0, '<span style=\"color: rgb(90, 104, 112); font-family: &quot;Neue Helvetica W02&quot;, Arial, Helvetica, sans-serif; font-size: 14px;\">Teknologjia SharpCare bën të sigurt që çdo lloj pëlhure të lahet në mënyrën më të mirë të mundshme. Kjo është gjithmonë kombinim optimal i temperaturës, sasisë së ujit, kohës dhe shpejtësisë së shtrydhjes. Nëse rrobat tuaja kanë nevojë për një përkujdesje më të veçantë, larja e të pambuktave dhe rrobave me fibra sintetike mund të optimohet me mënyra dhe funksione shtesë. NormalCare bën kombinimin optimal të katër parametrave për çdo ngarkesë rrobash; TimeCare redukton kohën larjes; AllergyCare përdor më shumë ujë dhe shtrydhje shtesë; dhe EcoCare shfrytëzon energjinë me më shumë efektivitet.</span><br>', '10.png', '20.png', '300.png', 3, 'In Stock', '2023-02-05 18:19:14', NULL),
(66, 8, 19, 'RROBALARËSE ELECTROLUX EW2F672S 7KG 1200 RPM', 'ELECTROLUX', 399, 0, '<span style=\"color: rgb(90, 104, 112); font-family: &quot;Neue Helvetica W02&quot;, Arial, Helvetica, sans-serif; font-size: 14px;\">Teknologjia Electrolux bën të sigurt që çdo lloj pëlhure të lahet në mënyrën më të mirë të mundshme. Kjo është gjithmonë kombinim optimal i temperaturës, sasisë së ujit, kohës dhe shpejtësisë së shtrydhjes. Nëse rrobat tuaja kanë nevojë për një përkujdesje më të veçantë, larja e të pambuktave dhe rrobave me fibra sintetike mund të optimohet me mënyra dhe funksione shtesë. NormalCare bën kombinimin optimal të katër parametrave për çdo ngarkesë rrobash; TimeCare redukton kohën larjes; AllergyCare përdor më shumë ujë dhe shtrydhje shtesë; dhe EcoCare shfrytëzon energjinë me më shumë efektivitet.Me AutoClean nuk kërkohet pastrim i filtrit.AutoSense rregull kohën e larjes.&nbsp;&nbsp;</span><br>', 'e.png', 'ee.png', 'eee.png', 4, 'In Stock', '2023-02-05 22:38:21', NULL),
(67, 8, 19, 'RROBALARËSE & THARËSE HUGO H-LTH 7 KG LARJE /5 KG THARJE ', 'HUGO', 529, 0, '<span style=\"color: rgb(90, 104, 112); font-family: &quot;Neue Helvetica W02&quot;, Arial, Helvetica, sans-serif; font-size: 14px;\">Teknologjia HUGO bën të sigurt që çdo lloj pëlhure të lahet në mënyrën më të mirë të mundshme, dhe të thahet në mënyrë briliante. Kjo është gjithmonë kombinim optimal i temperaturës, sasisë së ujit, kohës dhe shpejtësisë së shtrydhjes. Nëse rrobat tuaja kanë nevojë për një përkujdesje më të veçantë, larja e të pambuktave dhe rrobave me fibra sintetike mund të optimohet me mënyra dhe funksione shtesë. NormalCare bën kombinimin optimal të katër parametrave për çdo ngarkesë rrobash; TimeCare redukton kohën larjes; AllergyCare përdor më shumë ujë dhe shtrydhje shtesë; dhe EcoCare shfrytëzon energjinë me më shumë efektivitet.</span><br>', 'h.png', '100.png', '', 4, 'In Stock', '2023-02-05 22:45:04', NULL),
(68, 8, 19, 'RROBALARËSE & THARËSE HUGO H-LTH 9 KG LARJE /7KG THARJE ', 'HUGO', 529, 0, '<span style=\"color: rgb(90, 104, 112); font-family: &quot;Neue Helvetica W02&quot;, Arial, Helvetica, sans-serif; font-size: 14px;\">Teknologjia HUGO bën të sigurt që çdo lloj pëlhure të lahet në mënyrën më të mirë të mundshme, dhe të thahet në mënyrë briliante. Kjo është gjithmonë kombinim optimal i temperaturës, sasisë së ujit, kohës dhe shpejtësisë së shtrydhjes. Nëse rrobat tuaja kanë nevojë për një përkujdesje më të veçantë, larja e të pambuktave dhe rrobave me fibra sintetike mund të optimohet me mënyra dhe funksione shtesë. NormalCare bën kombinimin optimal të katër parametrave për çdo ngarkesë rrobash; TimeCare redukton kohën larjes; AllergyCare përdor më shumë ujë dhe shtrydhje shtesë; dhe EcoCare shfrytëzon energjinë me më shumë efektivitet.</span><br>', 'h.png', '100.png', '', 4, 'In Stock', '2023-02-05 22:45:04', NULL),
(69, 8, 19, 'RROBALARËSE &THARËSE SAMSUNG WD8/LE 8KG LARJE 5KG THARJE ', 'Samsung ', 599, 930, '<span style=\"color: rgb(90, 104, 112); font-family: &quot;Neue Helvetica W02&quot;, Arial, Helvetica, sans-serif; font-size: 14px;\">Teknologjia Samsung bën të sigurt që çdo lloj pëlhure të lahet në mënyrën më të mirë të mundshme, dhe të thahet në mënyrë briliante. Kjo është gjithmonë kombinim optimal i temperaturës, sasisë së ujit, kohës dhe shpejtësisë së shtrydhjes. Nëse rrobat tuaja kanë nevojë për një përkujdesje më të veçantë, larja e të pambuktave dhe rrobave me fibra sintetike mund të optimohet me mënyra dhe funksione shtesë. NormalCare bën kombinimin optimal të katër parametrave për çdo ngarkesë rrobash; TimeCare redukton kohën larjes; AllergyCare përdor më shumë ujë dhe shtrydhje shtesë; dhe EcoCare shfrytëzon energjinë me më shumë efektivitet.</span><br>', 's.jpeg', 'sa.jpeg', '100.png', 3, 'In Stock', '2023-02-05 22:49:13', NULL),
(70, 8, 20, 'FRIGORIFER I KOMBINUAR LIEBHERR CUEL 3331-21 296L', 'LIEBHERR CUEL ', 499, 600, '<p style=\"box-sizing: border-box; padding: 0px; font-size: 12px; outline: 0px; color: rgb(26, 26, 26); font-family: SkolaSans, sans-serif;\"><span style=\"box-sizing: border-box; margin: 0px; padding: 0px; outline: 0px; font-family: SkolaSans-bold;\">FRIGORIFER LIEBHERR .</span>Alarmi i derës: Lajmëron përdoruesin nëse dera ka qenë e hapur për më shumë se 60 sekonda për mbrojtje të sigurt të ushqimit.</p><p style=\"box-sizing: border-box; padding: 0px; font-size: 12px; outline: 0px; color: rgb(26, 26, 26); font-family: SkolaSans, sans-serif;\"><span style=\"background-color: rgb(250, 250, 250);\">Mentesha të kthyeshme të dyerve: Pajisjet janë të pajisura nga fabrika me menteshat e dyerve në të djathtë. Mentesha të kthyeshme të derës lejojnë përdorimin optimal të pajisjes kudo që ndodhet.</span></p><p style=\"box-sizing: border-box; padding: 0px; font-size: 12px; outline: 0px; color: rgb(26, 26, 26); font-family: SkolaSans, sans-serif;\">Gama e Vinidor:&nbsp;2 deri 3 ftohës vere nga +5°C në +20°C të pavarur nga njëra-tjetra. Mund të mbajë njëkohësisht verën e kuqe, të bardhë dhe shampanjën në temperaturat e tyre optimale.</p><p style=\"box-sizing: border-box; padding: 0px; font-size: 12px; outline: 0px; color: rgb(26, 26, 26); font-family: SkolaSans, sans-serif;\"><span style=\"background-color: rgb(250, 250, 250);\">Filtri me qymyr të aktivizuar: Cilësia e përsosur e ajrit sigurohet nëpërmjet një filtri FreshAir lehtësisht të zëvendësueshëm</span></p>', '1.jpeg', '2.jpeg', '3.jpeg', 3, 'In Stock', '2023-02-05 22:58:49', NULL);
INSERT INTO `products` (`id`, `category`, `subCategory`, `productName`, `productCompany`, `productPrice`, `productPriceBeforeDiscount`, `productDescription`, `productImage1`, `productImage2`, `productImage3`, `shippingCharge`, `productAvailability`, `postingDate`, `updationDate`) VALUES
(71, 8, 20, 'FRIGORIFER I KOMBINUAR WHIRLPOOL W7811OX NO FROST 338L', 'WHIRLPOOL', 529, 750, '<p style=\"box-sizing: border-box; padding: 0px; font-size: 12px; outline: 0px; color: rgb(26, 26, 26); font-family: SkolaSans, sans-serif;\"><span style=\"box-sizing: border-box; margin: 0px; padding: 0px; outline: 0px; font-family: SkolaSans-bold;\">FRIGORIFER WHIRLPOOL.&nbsp;</span>Alarmi i derës: Lajmëron përdoruesin nëse dera ka qenë e hapur për më shumë se 60 sekonda për mbrojtje të sigurt të ushqimit.</p><p style=\"box-sizing: border-box; padding: 0px; font-size: 12px; outline: 0px; color: rgb(26, 26, 26); font-family: SkolaSans, sans-serif;\"><span style=\"box-sizing: border-box; background-color: rgb(250, 250, 250);\">Mentesha të kthyeshme të dyerve: Pajisjet janë të pajisura nga fabrika me menteshat e dyerve në të djathtë. Mentesha të kthyeshme të derës lejojnë përdorimin optimal të pajisjes kudo që ndodhet.</span></p><p style=\"box-sizing: border-box; padding: 0px; font-size: 12px; outline: 0px; color: rgb(26, 26, 26); font-family: SkolaSans, sans-serif;\">Gama e Vinidor:&nbsp;2 deri 3 ftohës vere nga +5°C në +20°C të pavarur nga njëra-tjetra. Mund të mbajë njëkohësisht verën e kuqe, të bardhë dhe shampanjën në temperaturat e tyre optimale.</p><p style=\"box-sizing: border-box; padding: 0px; font-size: 12px; outline: 0px; color: rgb(26, 26, 26); font-family: SkolaSans, sans-serif;\"><span style=\"box-sizing: border-box; background-color: rgb(250, 250, 250);\">Filtri me qymyr të aktivizuar: Cilësia e përsosur e ajrit sigurohet nëpërmjet një filtri FreshAir lehtësisht të zëvendësueshëm.</span></p>', '10.jpeg', '100.jpeg', '1000.jpeg', 2, 'In Stock', '2023-02-05 23:01:46', NULL),
(72, 8, 20, 'FRIGORIFER SAMSUNG RB33J3200SA/EK NO FROST 328L', 'Samsung ', 799, 0, '<p style=\"box-sizing: border-box; padding: 0px; font-size: 12px; outline: 0px; color: rgb(26, 26, 26); font-family: SkolaSans, sans-serif;\"><span style=\"box-sizing: border-box; margin: 0px; padding: 0px; outline: 0px; font-family: SkolaSans-bold;\">FRIGORIFER SAMSUNG.&nbsp;</span>Alarmi i derës: Lajmëron përdoruesin nëse dera ka qenë e hapur për më shumë se 60 sekonda për mbrojtje të sigurt të ushqimit.</p><p style=\"box-sizing: border-box; padding: 0px; font-size: 12px; outline: 0px; color: rgb(26, 26, 26); font-family: SkolaSans, sans-serif;\"><span style=\"box-sizing: border-box; background-color: rgb(250, 250, 250);\">Mentesha të kthyeshme të dyerve: Pajisjet janë të pajisura nga fabrika me menteshat e dyerve në të djathtë. Mentesha të kthyeshme të derës lejojnë përdorimin optimal të pajisjes kudo që ndodhet.</span></p><p style=\"box-sizing: border-box; padding: 0px; font-size: 12px; outline: 0px; color: rgb(26, 26, 26); font-family: SkolaSans, sans-serif;\">Gama e Vinidor:&nbsp;2 deri 3 ftohës vere nga +3°C në +15°C të pavarur nga njëra-tjetra. Mund të mbajë njëkohësisht verën e kuqe, të bardhë dhe shampanjën në temperaturat e tyre optimale.</p><p style=\"box-sizing: border-box; padding: 0px; font-size: 12px; outline: 0px; color: rgb(26, 26, 26); font-family: SkolaSans, sans-serif;\"><span style=\"box-sizing: border-box; background-color: rgb(250, 250, 250);\">Filtri me qymyr të aktivizuar: Cilësia e përsosur e ajrit sigurohet nëpërmjet një filtri FreshAir lehtësisht të zëvendësueshëm.</span></p>', 'S.png', 'ss.png', '1000.jpeg', 4, 'In Stock', '2023-02-05 23:04:25', NULL),
(75, 8, 20, 'FRIGORIFER I KOMBINUAR HUGO H-F217WT 212L', 'HUGO', 169, 229, '<p style=\"box-sizing: border-box; padding: 0px; outline: 0px; color: rgb(26, 26, 26); font-family: SkolaSans, sans-serif;\"><font size=\"3\"><span style=\"box-sizing: border-box; margin: 0px; padding: 0px; outline: 0px; font-family: SkolaSans-bold;\">FRIGORIFER HUGO.&nbsp;</span></font><span style=\"color: rgb(33, 37, 41); font-family: Poppins, sans-serif; font-size: medium;\">Frigorifer i kombinuar -Frizi Lartë</span></p><p style=\"box-sizing: border-box; padding: 0px; outline: 0px; color: rgb(26, 26, 26); font-family: SkolaSans, sans-serif;\"><font size=\"3\">Alarmi i derës: Lajmëron përdoruesin nëse dera ka qenë e hapur për më shumë se 60 sekonda për mbrojtje të sigurt të ushqimit.</font></p><p style=\"box-sizing: border-box; padding: 0px; outline: 0px; color: rgb(26, 26, 26); font-family: SkolaSans, sans-serif;\"><span style=\"box-sizing: border-box; background-color: rgb(250, 250, 250);\"><font size=\"3\">Mentesha të kthyeshme të dyerve: Pajisjet janë të pajisura nga fabrika me menteshat e dyerve në të djathtë. Mentesha të kthyeshme të derës lejojnë përdorimin optimal të pajisjes kudo që ndodhet.</font></span></p><p style=\"box-sizing: border-box; padding: 0px; outline: 0px; color: rgb(26, 26, 26); font-family: SkolaSans, sans-serif;\"><font size=\"3\">Gama e Vinidor:&nbsp;2 deri 3 ftohës vere nga +3°C në +15°C të pavarur nga njëra-tjetra. Mund të mbajë njëkohësisht verën e kuqe, të bardhë dhe shampanjën në temperaturat e tyre optimale.</font></p><p style=\"box-sizing: border-box; padding: 0px; outline: 0px; color: rgb(26, 26, 26); font-family: SkolaSans, sans-serif;\"><font size=\"3\"><span style=\"box-sizing: border-box; background-color: rgb(250, 250, 250);\">Filtri me qymyr të aktivizuar: Cilësia e përsosur e ajrit sigurohet nëpërmjet një filtri FreshAir lehtësisht të zëvendësueshëm.</span></font></p><p style=\"box-sizing: border-box; padding: 0px; font-size: 12px; outline: 0px; color: rgb(26, 26, 26); font-family: SkolaSans, sans-serif;\"><span style=\"box-sizing: border-box; background-color: rgb(250, 250, 250);\"><br></span></p><br>', 'hugo.png', 'hugo1.png', '100.jpeg', 2, 'In Stock', '2023-02-06 08:27:46', NULL),
(76, 8, 20, 'FRIZ JOMONTUES SHARP SJSC41CHXAEEU 186CM DARK INOX', ' SHARP', 699, 0, '<p style=\"box-sizing: border-box; padding: 0px; outline: 0px; color: rgb(26, 26, 26);\"><font size=\"2\" style=\"\" face=\"arial\"><font style=\"box-sizing: border-box;\"><span style=\"box-sizing: border-box; margin: 0px; padding: 0px; outline: 0px;\">FRIGORIFER SHARP.&nbsp;</span></font><span style=\"box-sizing: border-box; color: rgb(33, 37, 41);\">Frigorifer jomontues.</span></font></p><p style=\"box-sizing: border-box; padding: 0px; outline: 0px; color: rgb(26, 26, 26);\"><span style=\"font-family: arial; font-size: small; background-color: rgb(250, 250, 250);\">Filtri me qymyr të aktivizuar: Cilësia e përsosur e ajrit sigurohet nëpërmjet një filtri FreshAir lehtësisht të zëvendësueshëm.</span><font size=\"2\" style=\"\" face=\"arial\"><span style=\"box-sizing: border-box; color: rgb(33, 37, 41);\"><br></span></font></p><p style=\"box-sizing: border-box; padding: 0px; outline: 0px; color: rgb(26, 26, 26);\"><font style=\"box-sizing: border-box;\" size=\"2\" face=\"arial\">Alarmi i derës: Lajmëron përdoruesin nëse dera ka qenë e hapur për më shumë se 60 sekonda për mbrojtje të sigurt të ushqimit.</font></p><p style=\"box-sizing: border-box; padding: 0px; outline: 0px; color: rgb(26, 26, 26);\"><span style=\"box-sizing: border-box; background-color: rgb(250, 250, 250);\"><font style=\"box-sizing: border-box;\" size=\"2\" face=\"arial\">Mentesha të kthyeshme të dyerve: Pajisjet janë të pajisura nga fabrika me menteshat e dyerve në të djathtë. Mentesha të kthyeshme të derës lejojnë përdorimin optimal të pajisjes kudo që ndodhet.</font></span></p><p style=\"box-sizing: border-box; padding: 0px; outline: 0px; color: rgb(26, 26, 26);\"><font style=\"box-sizing: border-box;\" size=\"2\" face=\"arial\">Gama e Vinidor:&nbsp;2 deri 3 ftohës vere nga +3°C në +15°C të pavarur nga njëra-tjetra. Mund të mbajë njëkohësisht verën e kuqe, të bardhë dhe shampanjën në temperaturat e tyre optimale.</font></p><p style=\"box-sizing: border-box; padding: 0px; outline: 0px; color: rgb(26, 26, 26);\"><br></p>', 'sh.png', 'sh1.png', 'sh2.png', 3, 'In Stock', '2023-02-06 08:33:15', NULL),
(77, 8, 20, 'FRIGORIFER SHARP SJ-FA25IHXIF-EU INOX NO FROST', 'SHARP ', 949, 0, '<p style=\"box-sizing: border-box; padding: 0px; outline: 0px; color: rgb(26, 26, 26); font-family: SkolaSans, sans-serif;\"><font size=\"3\" style=\"box-sizing: border-box;\"><span style=\"box-sizing: border-box; margin: 0px; padding: 0px; outline: 0px; font-family: SkolaSans-bold;\"><b>FRIGORIFER SHARP</b>.&nbsp;</span></font><span style=\"box-sizing: border-box; color: rgb(33, 37, 41); font-family: Poppins, sans-serif; font-size: medium;\">Frigorifer me dy dyer.</span></p><span style=\"color: rgb(33, 37, 41); font-family: Poppins, sans-serif; font-size: 16px;\">Kontroll elektronik i temperaturës,</span><span style=\"color: rgb(33, 37, 41); font-family: Poppins, sans-serif; font-size: 16px;\">Zona e frutave dhe&nbsp; perimeve, AdvancedNoFrost, Blloku për fëmijët,</span><span style=\"color: rgb(33, 37, 41); font-family: Poppins, sans-serif; font-size: 16px;\">Lloji i sistemit të shkrirjes Frigorifer/Friz:Automatik.</span><div><font color=\"#212529\" face=\"Poppins, sans-serif\"><span style=\"font-size: 16px;\"><br></span></font><p style=\"box-sizing: border-box; padding: 0px; outline: 0px; color: rgb(26, 26, 26); font-family: SkolaSans, sans-serif;\"><span style=\"box-sizing: border-box; background-color: rgb(250, 250, 250);\"><font size=\"3\" style=\"box-sizing: border-box;\">Mentesha të kthyeshme të dyerve: Pajisjet janë të pajisura nga fabrika me menteshat e dyerve në të djathtë. Mentesha të kthyeshme të derës lejojnë përdorimin optimal të pajisjes kudo që ndodhet.</font></span></p><p style=\"box-sizing: border-box; padding: 0px; outline: 0px; color: rgb(26, 26, 26); font-family: SkolaSans, sans-serif;\"><font size=\"3\" style=\"box-sizing: border-box;\">Gama e Vinidor:&nbsp;2 deri 3 ftohës vere nga +3°C në +15°C të pavarur nga njëra-tjetra. Mund të mbajë njëkohësisht verën e kuqe, të bardhë dhe shampanjën në temperaturat e tyre optimale.</font></p><p style=\"box-sizing: border-box; padding: 0px; outline: 0px; color: rgb(26, 26, 26); font-family: SkolaSans, sans-serif;\"><font size=\"3\" style=\"box-sizing: border-box;\"><span style=\"box-sizing: border-box; background-color: rgb(250, 250, 250);\">Filtri me qymyr të aktivizuar: Cilësia e përsosur e ajrit sigurohet nëpërmjet një filtri FreshAir lehtësisht të zëvendësueshëm.</span></font></p><p style=\"box-sizing: border-box; padding: 0px; outline: 0px; color: rgb(26, 26, 26); font-family: SkolaSans, sans-serif;\"><font size=\"3\" style=\"box-sizing: border-box;\"><span style=\"box-sizing: border-box; background-color: rgb(250, 250, 250);\"><br></span></font></p><p style=\"box-sizing: border-box; padding: 0px; outline: 0px; color: rgb(26, 26, 26); font-family: SkolaSans, sans-serif;\"><font size=\"3\" style=\"box-sizing: border-box;\"><span style=\"box-sizing: border-box; background-color: rgb(250, 250, 250);\"></span></font></p></div>', 'ssh.png', 'sssh.png', 'sh3.png', 2, 'In Stock', '2023-02-06 08:44:05', NULL),
(78, 8, 20, 'FRIGORIFER SHARP SJFA25IHDAFEU DARK INOX NO FROST', 'SHARP', 999, 0, '<div><font size=\"3\" style=\"color: rgb(26, 26, 26); font-family: SkolaSans, sans-serif; box-sizing: border-box;\"><span style=\"box-sizing: border-box; margin: 0px; padding: 0px; outline: 0px; font-family: SkolaSans-bold;\"><span style=\"box-sizing: border-box; font-weight: 700;\">FRIGORIFER SHARP</span>.&nbsp;</span></font><span style=\"box-sizing: border-box; color: rgb(33, 37, 41); font-family: Poppins, sans-serif; font-size: medium;\">Frigorifer me dy dyer.</span><br></div><div><span style=\"box-sizing: border-box; color: rgb(33, 37, 41); font-family: Poppins, sans-serif; font-size: 16px;\">Kontroll elektronik i temperaturës, z</span><span style=\"box-sizing: border-box; color: rgb(33, 37, 41); font-family: Poppins, sans-serif; font-size: 16px;\">ona e frutave dhe&nbsp; perimeve, AdvancedNoFrost, blloku për fëmijët,l</span><span style=\"box-sizing: border-box; color: rgb(33, 37, 41); font-family: Poppins, sans-serif; font-size: 16px;\">loji i sistemit të shkrirjes Frigorifer/Friz: Automatik.</span><div style=\"box-sizing: border-box; color: rgb(102, 102, 102); font-family: Roboto, sans-serif;\"><font color=\"#212529\" face=\"Poppins, sans-serif\" style=\"box-sizing: border-box;\"><span style=\"box-sizing: border-box; font-size: 16px;\"><br style=\"box-sizing: border-box;\"></span></font><p style=\"box-sizing: border-box; padding: 0px; outline: 0px; color: rgb(26, 26, 26); font-family: SkolaSans, sans-serif;\"><span style=\"box-sizing: border-box; background-color: rgb(250, 250, 250);\"><font size=\"3\" style=\"box-sizing: border-box;\">Mentesha të kthyeshme të dyerve: Pajisjet janë të pajisura nga fabrika me menteshat e dyerve në të djathtë. Mentesha të kthyeshme të derës lejojnë përdorimin optimal të pajisjes kudo që ndodhet.</font></span></p><p style=\"box-sizing: border-box; padding: 0px; outline: 0px; color: rgb(26, 26, 26); font-family: SkolaSans, sans-serif;\"><font size=\"3\" style=\"box-sizing: border-box;\">Gama e Vinidor:&nbsp;2 deri 3 ftohës vere nga +3°C në +15°C të pavarur nga njëra-tjetra. Mund të mbajë njëkohësisht verën e kuqe, të bardhë dhe shampanjën në temperaturat e tyre optimale.</font></p><p style=\"box-sizing: border-box; padding: 0px; outline: 0px; color: rgb(26, 26, 26); font-family: SkolaSans, sans-serif;\"><font size=\"3\" style=\"box-sizing: border-box;\"><span style=\"box-sizing: border-box; background-color: rgb(250, 250, 250);\">Filtri me qymyr të aktivizuar: Cilësia e përsosur e ajrit sigurohet nëpërmjet një filtri FreshAir lehtësisht të zëvendësueshëm.</span></font></p></div></div>', '01.png', '02.png', 'sh3.png', 2, 'In Stock', '2023-02-06 08:49:20', NULL),
(80, 8, 20, 'FRIGORIFER I KOMBINUAR MONTUES ELECTROLUX LXB2AF82S 82CM', 'ELECTROLUX ', 529, 0, '<div><div style=\"box-sizing: border-box; color: rgb(102, 102, 102); font-family: Roboto, sans-serif;\"><font size=\"3\" style=\"box-sizing: border-box; color: rgb(26, 26, 26); font-family: SkolaSans, sans-serif;\"><span style=\"box-sizing: border-box; margin: 0px; padding: 0px; outline: 0px; font-family: SkolaSans-bold;\"><span style=\"box-sizing: border-box; font-weight: 700;\">FRIGORIFER ELECTROLUX</span>.&nbsp;</span></font></div><div style=\"box-sizing: border-box; color: rgb(102, 102, 102); font-family: Roboto, sans-serif;\"><font size=\"3\" style=\"box-sizing: border-box; color: rgb(26, 26, 26); font-family: SkolaSans, sans-serif;\"><span style=\"box-sizing: border-box; margin: 0px; padding: 0px; outline: 0px; font-family: SkolaSans-bold;\"><br></span></font></div><div style=\"box-sizing: border-box; color: rgb(102, 102, 102); font-family: Roboto, sans-serif;\"><span style=\"color: rgb(33, 37, 41); font-family: Poppins, sans-serif; font-size: 16px;\">Kontroll mekanik i temperaturës, ndriçim LED, Këmbë të rregullueshme në lartës</span><br><div style=\"box-sizing: border-box;\"><p style=\"box-sizing: border-box; padding: 0px; outline: 0px; color: rgb(26, 26, 26); font-family: SkolaSans, sans-serif;\"><font size=\"3\" style=\"box-sizing: border-box;\">Gama e Vinidor:&nbsp;2 deri 3 ftohës vere nga +3°C në +15°C të pavarur nga njëra-tjetra.&nbsp;</font></p><p style=\"box-sizing: border-box; padding: 0px; outline: 0px; color: rgb(26, 26, 26); font-family: SkolaSans, sans-serif;\"><font size=\"3\" style=\"box-sizing: border-box;\"><span style=\"box-sizing: border-box; background-color: rgb(250, 250, 250);\">Filtri me qymyr të aktivizuar: Cilësia e përsosur e ajrit sigurohet nëpërmjet një filtri FreshAir lehtësisht të zëvendësueshëm.</span></font></p></div></div></div><span style=\"color: rgb(33, 37, 41); font-family: Poppins, sans-serif; font-size: 16px;\">Kontroll mekanik i temperaturës, ndriçim LED, Këmbë të rregullueshme në lartës</span><br>', 'v.png', 'v1.jpg', 'v2.jpg', 2, 'In Stock', '2023-02-06 09:12:28', NULL),
(81, 8, 20, ' FRIGORIFER SAMSUNG RS0S9/EF SIDE BY SIDE', 'Samsung ', 1417, 0, '<div style=\"box-sizing: border-box; color: rgb(102, 102, 102); font-family: Roboto, sans-serif;\"><font size=\"3\" style=\"box-sizing: border-box; color: rgb(26, 26, 26); font-family: SkolaSans, sans-serif;\"><span style=\"box-sizing: border-box; margin: 0px; padding: 0px; outline: 0px; font-family: SkolaSans-bold;\"><span style=\"box-sizing: border-box; font-weight: 700;\">FRIGORIFER SAMSUNG</span>.&nbsp;</span></font><span style=\"box-sizing: border-box; color: rgb(33, 37, 41); font-family: Poppins, sans-serif; font-size: medium;\">Frigorifer me dy dyer.</span><br style=\"box-sizing: border-box;\"></div><div style=\"box-sizing: border-box; color: rgb(102, 102, 102); font-family: Roboto, sans-serif;\"><span style=\"box-sizing: border-box; color: rgb(33, 37, 41); font-family: Poppins, sans-serif; font-size: 16px;\">Kontroll elektronik i temperaturës, z</span><span style=\"box-sizing: border-box; color: rgb(33, 37, 41); font-family: Poppins, sans-serif; font-size: 16px;\">ona e frutave dhe&nbsp; perimeve, AdvancedNoFrost, blloku për fëmijët,l</span><span style=\"box-sizing: border-box; color: rgb(33, 37, 41); font-family: Poppins, sans-serif; font-size: 16px;\">loji i sistemit të shkrirjes Frigorifer/Friz: Automatik.</span></div><div style=\"box-sizing: border-box;\"><font color=\"#212529\" face=\"Poppins, sans-serif\"><span style=\"font-size: 16px;\"><br></span></font><div style=\"color: rgb(102, 102, 102); font-family: Roboto, sans-serif; box-sizing: border-box;\"><p style=\"box-sizing: border-box; padding: 0px; outline: 0px; color: rgb(26, 26, 26); font-family: SkolaSans, sans-serif;\"><span style=\"box-sizing: border-box; background-color: rgb(250, 250, 250);\"><font size=\"3\" style=\"box-sizing: border-box;\">Mentesha të kthyeshme të dyerve: Pajisjet janë të pajisura nga fabrika me menteshat e dyerve në të djathtë. Mentesha të kthyeshme të derës lejojnë përdorimin optimal të pajisjes kudo që ndodhet.</font></span></p><p style=\"box-sizing: border-box; padding: 0px; outline: 0px; color: rgb(26, 26, 26); font-family: SkolaSans, sans-serif;\"><font size=\"3\" style=\"box-sizing: border-box;\">Gama e Vinidor:&nbsp;2 deri 3 ftohës vere nga +3°C në +15°C të pavarur nga njëra-tjetra.&nbsp;</font></p><p style=\"box-sizing: border-box; padding: 0px; outline: 0px; color: rgb(26, 26, 26); font-family: SkolaSans, sans-serif;\"><font size=\"3\" style=\"box-sizing: border-box;\"><span style=\"box-sizing: border-box; background-color: rgb(250, 250, 250);\">Filtri me qymyr të aktivizuar: Cilësia e përsosur e ajrit sigurohet nëpërmjet një filtri FreshAir lehtësisht të zëvendësueshëm.</span></font></p></div></div>', 'sa.png', 'ssa.png', 'ssssa.png', 3, 'In Stock', '2023-02-06 09:35:52', NULL),
(82, 8, 20, ' FRIGORIFER SAMSUNG RS0S9/EF SIDE BY SIDE', 'Samsung ', 1417, 0, '<div style=\"box-sizing: border-box; color: rgb(102, 102, 102); font-family: Roboto, sans-serif;\"><font size=\"3\" style=\"box-sizing: border-box; color: rgb(26, 26, 26); font-family: SkolaSans, sans-serif;\"><span style=\"box-sizing: border-box; margin: 0px; padding: 0px; outline: 0px; font-family: SkolaSans-bold;\"><span style=\"box-sizing: border-box; font-weight: 700;\">FRIGORIFER SAMSUNG</span>.&nbsp;</span></font><span style=\"box-sizing: border-box; color: rgb(33, 37, 41); font-family: Poppins, sans-serif; font-size: medium;\">Frigorifer me dy dyer.</span><br style=\"box-sizing: border-box;\"></div><div style=\"box-sizing: border-box; color: rgb(102, 102, 102); font-family: Roboto, sans-serif;\"><span style=\"box-sizing: border-box; color: rgb(33, 37, 41); font-family: Poppins, sans-serif; font-size: 16px;\">Kontroll elektronik i temperaturës, z</span><span style=\"box-sizing: border-box; color: rgb(33, 37, 41); font-family: Poppins, sans-serif; font-size: 16px;\">ona e frutave dhe&nbsp; perimeve, AdvancedNoFrost, blloku për fëmijët,l</span><span style=\"box-sizing: border-box; color: rgb(33, 37, 41); font-family: Poppins, sans-serif; font-size: 16px;\">loji i sistemit të shkrirjes Frigorifer/Friz: Automatik.</span></div><div style=\"box-sizing: border-box;\"><font color=\"#212529\" face=\"Poppins, sans-serif\"><span style=\"font-size: 16px;\"><br></span></font><div style=\"color: rgb(102, 102, 102); font-family: Roboto, sans-serif; box-sizing: border-box;\"><p style=\"box-sizing: border-box; padding: 0px; outline: 0px; color: rgb(26, 26, 26); font-family: SkolaSans, sans-serif;\"><span style=\"box-sizing: border-box; background-color: rgb(250, 250, 250);\"><font size=\"3\" style=\"box-sizing: border-box;\">Mentesha të kthyeshme të dyerve: Pajisjet janë të pajisura nga fabrika me menteshat e dyerve në të djathtë. Mentesha të kthyeshme të derës lejojnë përdorimin optimal të pajisjes kudo që ndodhet.</font></span></p><p style=\"box-sizing: border-box; padding: 0px; outline: 0px; color: rgb(26, 26, 26); font-family: SkolaSans, sans-serif;\"><font size=\"3\" style=\"box-sizing: border-box;\">Gama e Vinidor:&nbsp;2 deri 3 ftohës vere nga +3°C në +15°C të pavarur nga njëra-tjetra.&nbsp;</font></p><p style=\"box-sizing: border-box; padding: 0px; outline: 0px; color: rgb(26, 26, 26); font-family: SkolaSans, sans-serif;\"><font size=\"3\" style=\"box-sizing: border-box;\"><span style=\"box-sizing: border-box; background-color: rgb(250, 250, 250);\">Filtri me qymyr të aktivizuar: Cilësia e përsosur e ajrit sigurohet nëpërmjet një filtri FreshAir lehtësisht të zëvendësueshëm.</span></font></p></div></div>', 'sa.png', 'ssa.png', 'ssssa.png', 3, 'In Stock', '2023-02-06 09:36:03', NULL),
(83, 8, 20, ' FRIGORIFER SHARP SJUF088M4SEU 82CM SILVER', 'SHARP', 180, 0, '<div style=\"box-sizing: border-box; color: rgb(102, 102, 102); font-family: Roboto, sans-serif;\"><div style=\"box-sizing: border-box;\"><font size=\"3\" style=\"box-sizing: border-box; color: rgb(26, 26, 26); font-family: SkolaSans, sans-serif;\"><span style=\"box-sizing: border-box; margin: 0px; padding: 0px; outline: 0px; font-family: SkolaSans-bold;\"><span style=\"box-sizing: border-box; font-weight: 700;\">FRIGORIFER SHARP</span></span></font></div><div style=\"box-sizing: border-box;\"><font size=\"3\" style=\"box-sizing: border-box; color: rgb(26, 26, 26); font-family: SkolaSans, sans-serif;\"><span style=\"box-sizing: border-box; margin: 0px; padding: 0px; outline: 0px; font-family: SkolaSans-bold;\"><br style=\"box-sizing: border-box;\"></span></font></div><div style=\"box-sizing: border-box;\"><span style=\"box-sizing: border-box; color: rgb(33, 37, 41); font-family: Poppins, sans-serif; font-size: 16px;\">Kontroll mekanik i temperaturës, ndriçim LED, Këmbë të rregullueshme në lartës</span><br style=\"box-sizing: border-box;\"><div style=\"box-sizing: border-box;\"><p style=\"box-sizing: border-box; padding: 0px; outline: 0px; color: rgb(26, 26, 26); font-family: SkolaSans, sans-serif;\"><font size=\"3\" style=\"box-sizing: border-box;\">Gama e Vinidor:&nbsp;2 deri 3 ftohës vere nga +3°C në +15°C të pavarur nga njëra-tjetra.&nbsp;</font></p><p style=\"box-sizing: border-box; padding: 0px; outline: 0px; color: rgb(26, 26, 26); font-family: SkolaSans, sans-serif;\"><font size=\"3\" style=\"box-sizing: border-box;\"><span style=\"box-sizing: border-box; background-color: rgb(250, 250, 250);\">Filtri me qymyr të aktivizuar: Cilësia e përsosur e ajrit sigurohet nëpërmjet një filtri FreshAir lehtësisht të zëvendësueshëm.</span></font></p></div></div></div><span style=\"box-sizing: border-box; color: rgb(33, 37, 41); font-family: Poppins, sans-serif; font-size: 16px;\">Kontroll mekanik i temperaturës, ndriçim LED, Këmbë të rregullueshme në lartësi.</span><br>', '20.png', '22.png', 'v2.jpg', 3, 'In Stock', '2023-02-06 09:41:40', NULL),
(84, 8, 20, 'FRIGORIFER I KOMBINUAR SHARP SJITXWFEU 227L', 'SHARP', 336, 0, '<div style=\"box-sizing: border-box; color: rgb(102, 102, 102); font-family: Roboto, sans-serif;\"><div style=\"box-sizing: border-box;\"><font size=\"3\" style=\"box-sizing: border-box; color: rgb(26, 26, 26); font-family: SkolaSans, sans-serif;\"><span style=\"box-sizing: border-box; margin: 0px; padding: 0px; outline: 0px; font-family: SkolaSans-bold;\"><span style=\"box-sizing: border-box; font-weight: 700;\">FRIGORIFER SHARP I KOMBINUAR.</span></span></font></div><div style=\"box-sizing: border-box;\"><font size=\"3\" style=\"box-sizing: border-box; color: rgb(26, 26, 26); font-family: SkolaSans, sans-serif;\"><span style=\"box-sizing: border-box; margin: 0px; padding: 0px; outline: 0px; font-family: SkolaSans-bold;\"><br style=\"box-sizing: border-box;\"></span></font></div><div style=\"box-sizing: border-box;\"><span style=\"box-sizing: border-box; color: rgb(33, 37, 41); font-family: Poppins, sans-serif; font-size: 16px;\">Kontroll mekanik i temperaturës, ndriçim LED, Këmbë të rregullueshme në lartës</span><br style=\"box-sizing: border-box;\"><div style=\"box-sizing: border-box;\"><p style=\"box-sizing: border-box; padding: 0px; outline: 0px; color: rgb(26, 26, 26); font-family: SkolaSans, sans-serif;\"><font size=\"3\" style=\"box-sizing: border-box;\">Gama e Vinidor:&nbsp;2 deri 3 ftohës vere nga +3°C në +15°C të pavarur nga njëra-tjetra.&nbsp;</font></p><p style=\"box-sizing: border-box; padding: 0px; outline: 0px; color: rgb(26, 26, 26); font-family: SkolaSans, sans-serif;\"><font size=\"3\" style=\"box-sizing: border-box;\"><span style=\"box-sizing: border-box; background-color: rgb(250, 250, 250);\">Filtri me qymyr të aktivizuar: Cilësia e përsosur e ajrit sigurohet nëpërmjet një filtri FreshAir lehtësisht të zëvendësueshëm.</span></font></p></div></div></div><span style=\"box-sizing: border-box; color: rgb(33, 37, 41); font-family: Poppins, sans-serif; font-size: 16px;\">Kontroll mekanik i temperaturës, ndriçim LED, Këmbë të rregullueshme në lartësi.</span><br>', 'ouy.png', 'yd.png', 'lf.jpeg', 2, 'In Stock', '2023-02-06 09:47:07', NULL),
(85, 8, 21, ' SHPORET ELECTROLUX EKC6430AOW ME PLLAKË KERAMIKE', 'ELECTROLUX', 529, 0, '<table width=\"100%\" class=\"opis\" style=\"font-family: &quot;Roboto Condensed&quot;, sans-serif; margin: 0px; padding: 0px; background-color: rgb(255, 255, 255); color: rgb(33, 37, 41); font-size: 16px; font-weight: inherit; width: 1102px; table-layout: fixed; background-position: initial; background-repeat: initial; outline: 0px; vertical-align: top;\"><tbody style=\"box-sizing: border-box; font-family: Poppins, sans-serif; margin: 0px; padding: 0px; background-position: initial; background-repeat: initial; font-weight: inherit; outline: 0px; vertical-align: top;\"><tr style=\"box-sizing: border-box; margin: 0px; padding: 0px; background-position: initial; background-repeat: initial; font-weight: inherit; outline: 0px; vertical-align: top;\"><td style=\"box-sizing: border-box; margin: 0px; padding: 3px; border-top: none; border-right: 0px none; border-bottom: none; border-left: 0px none; font-size: 14px;\"><span style=\"box-sizing: border-box; margin: 0px; padding: 0px; background-position: initial; background-repeat: initial; font-weight: inherit; outline: 0px; vertical-align: inherit;\">Karakteristikat:</span></td></tr><tr style=\"box-sizing: border-box; margin: 0px; padding: 0px; background-color: transparent; font-weight: inherit; outline: 0px; vertical-align: top;\"><td style=\"box-sizing: border-box; margin: 0px; padding: 3px; border-top: none; border-right: 0px none; border-bottom: none; border-left: 0px none; font-size: 14px;\"><span style=\"box-sizing: border-box; margin: 0px; padding: 0px; background-position: initial; background-repeat: initial; font-weight: inherit; outline: 0px; vertical-align: inherit;\">- treguesi i nxehtësisë</span></td></tr><tr style=\"box-sizing: border-box; margin: 0px; padding: 0px; background-position: initial; background-repeat: initial; font-weight: inherit; outline: 0px; vertical-align: top;\"><td style=\"box-sizing: border-box; margin: 0px; padding: 3px; border-top: none; border-right: 0px none; border-bottom: none; border-left: 0px none; font-size: 14px;\"><span style=\"box-sizing: border-box; margin: 0px; padding: 0px; background-position: initial; background-repeat: initial; font-weight: inherit; outline: 0px; vertical-align: inherit;\">- kapaciteti: 74 l</span></td></tr><tr style=\"box-sizing: border-box; margin: 0px; padding: 0px; background-color: transparent; font-weight: inherit; outline: 0px; vertical-align: top;\"><td style=\"box-sizing: border-box; margin: 0px; padding: 3px; border-top: none; border-right: 0px none; border-bottom: none; border-left: 0px none; font-size: 14px;\"><span style=\"box-sizing: border-box; margin: 0px; padding: 0px; background-position: initial; background-repeat: initial; font-weight: inherit; outline: 0px; vertical-align: inherit;\">- ventilator</span></td></tr><tr style=\"box-sizing: border-box; margin: 0px; padding: 0px; background-position: initial; background-repeat: initial; font-weight: inherit; outline: 0px; vertical-align: top;\"><td style=\"box-sizing: border-box; margin: 0px; padding: 3px; border-top: none; border-right: 0px none; border-bottom: none; border-left: 0px none; font-size: 14px;\"><span style=\"box-sizing: border-box; margin: 0px; padding: 0px; background-position: initial; background-repeat: initial; font-weight: inherit; outline: 0px; vertical-align: inherit;\">- dera e ftohtë në prekje</span></td></tr><tr style=\"box-sizing: border-box; margin: 0px; padding: 0px; background-color: transparent; font-weight: inherit; outline: 0px; vertical-align: top;\"><td style=\"box-sizing: border-box; margin: 0px; padding: 3px; border-top: none; border-right: 0px none; border-bottom: none; border-left: 0px none; font-size: 14px;\"><span style=\"box-sizing: border-box; margin: 0px; padding: 0px; background-position: initial; background-repeat: initial; font-weight: inherit; outline: 0px; vertical-align: inherit;\">- Xhami në derë mund të hiqet për pastrim më të lehtë</span></td></tr><tr style=\"box-sizing: border-box; margin: 0px; padding: 0px; background-position: initial; background-repeat: initial; font-weight: inherit; outline: 0px; vertical-align: top;\"><td style=\"box-sizing: border-box; margin: 0px; padding: 3px; border-top: none; border-right: 0px none; border-bottom: none; border-left: 0px none; font-size: 14px;\"><span style=\"box-sizing: border-box; margin: 0px; padding: 0px; background-position: initial; background-repeat: initial; font-weight: inherit; outline: 0px; vertical-align: inherit;\">- lartësi e rregullueshme</span></td></tr><tr style=\"box-sizing: border-box; margin: 0px; padding: 0px; background-color: transparent; font-weight: inherit; outline: 0px; vertical-align: top;\"><td style=\"box-sizing: border-box; margin: 0px; padding: 3px; border-top: none; border-right: 0px none; border-bottom: none; border-left: 0px none; font-size: 14px;\"><span style=\"box-sizing: border-box; margin: 0px; padding: 0px; background-position: initial; background-repeat: initial; font-weight: inherit; outline: 0px; vertical-align: inherit;\">- sirtar për ruajtjen e enëve për ruajtjen e ushqimit</span></td></tr><tr style=\"box-sizing: border-box; margin: 0px; padding: 0px; background-position: initial; background-repeat: initial; font-weight: inherit; outline: 0px; vertical-align: top;\"><td style=\"box-sizing: border-box; margin: 0px; padding: 3px; border-top: none; border-right: 0px none; border-bottom: none; border-left: 0px none; font-size: 14px;\"><span style=\"box-sizing: border-box; margin: 0px; padding: 0px; background-position: initial; background-repeat: initial; font-weight: inherit; outline: 0px; vertical-align: inherit;\">- zhurma e funksionimit: 53 dB</span></td></tr><tr style=\"box-sizing: border-box; margin: 0px; padding: 0px; background-color: transparent; font-weight: inherit; outline: 0px; vertical-align: top;\"><td style=\"box-sizing: border-box; margin: 0px; padding: 3px; border-top: none; border-right: 0px none; border-bottom: none; border-left: 0px none; font-size: 14px;\"><span style=\"box-sizing: border-box; margin: 0px; padding: 0px; background-position: initial; background-repeat: initial; font-weight: inherit; outline: 0px; vertical-align: inherit;\">Funksionet e furrës: ngrohës i poshtëm, ventilator, ventilator + ngrohës i sipërm, skarë, barbekju + ngrohës i sipërm + ventilator, ngrohës i sipërm + ngrohës i poshtëm + ventilator, i butë, ngrohës i sipërm + ngrohës i poshtëm</span></td></tr><tr style=\"box-sizing: border-box; margin: 0px; padding: 0px; background-position: initial; background-repeat: initial; font-weight: inherit; outline: 0px; vertical-align: top;\"><td style=\"box-sizing: border-box; margin: 0px; padding: 3px; border-top: none; border-right: 0px none; border-bottom: none; border-left: 0px none; font-size: 14px;\"><span style=\"box-sizing: border-box; margin: 0px; padding: 0px; background-position: initial; background-repeat: initial; font-weight: inherit; outline: 0px; vertical-align: inherit;\">Funksionet e cilësimit të furrës: përfundimi, kohëzgjatja, kujtesa e minutave, bip, koha</span></td></tr><tr style=\"box-sizing: border-box; margin: 0px; padding: 0px; background-color: transparent; font-weight: inherit; outline: 0px; vertical-align: top;\"><td style=\"box-sizing: border-box; margin: 0px; padding: 3px; border-top: none; border-right: 0px none; border-bottom: none; border-left: 0px none; font-size: 14px;\"><span style=\"box-sizing: border-box; margin: 0px; padding: 0px; background-position: initial; background-repeat: initial; font-weight: inherit; outline: 0px; vertical-align: inherit;\">Fuqia totale e lidhur: 9500 W</span></td></tr><tr style=\"box-sizing: border-box; margin: 0px; padding: 0px; background-position: initial; background-repeat: initial; font-weight: inherit; outline: 0px; vertical-align: top;\"><td style=\"box-sizing: border-box; margin: 0px; padding: 3px; border-top: none; border-right: 0px none; border-bottom: none; border-left: 0px none; font-size: 14px;\"><span style=\"box-sizing: border-box; margin: 0px; padding: 0px; background-position: initial; background-repeat: initial; font-weight: inherit; outline: 0px; vertical-align: inherit;\">Tensioni i funksionimit: 220 V - 240 V, rrymë trefazore</span></td></tr><tr style=\"box-sizing: border-box; margin: 0px; padding: 0px; background-color: transparent; font-weight: inherit; outline: 0px; vertical-align: top;\"><td style=\"box-sizing: border-box; margin: 0px; padding: 3px; border-top: none; border-right: 0px none; border-bottom: none; border-left: 0px none; font-size: 14px;\"><span style=\"box-sizing: border-box; margin: 0px; padding: 0px; background-position: initial; background-repeat: initial; font-weight: inherit; outline: 0px; vertical-align: inherit;\">Ngjyra: e bardhë</span></td></tr><tr style=\"box-sizing: border-box; margin: 0px; padding: 0px; background-position: initial; background-repeat: initial; font-weight: inherit; outline: 0px; vertical-align: top;\"><td style=\"box-sizing: border-box; margin: 0px; padding: 3px; border-top: none; border-right: 0px none; border-bottom: none; border-left: 0px none; font-size: 14px;\"><span style=\"box-sizing: border-box; margin: 0px; padding: 0px; background-position: initial; background-repeat: initial; font-weight: inherit; outline: 0px; vertical-align: inherit;\">Përmasat (W x L x D): 59.6 x 85 x 60 cm</span></td></tr></tbody></table>', '1.jpeg', '2.png', '3.jpeg', 4, 'In Stock', '2023-02-06 10:01:45', NULL),
(86, 8, 21, 'SHPORET SHARP KF-76FVMT15WL-CH ME PLLAKË KERAMIKE WHITE', 'SHARP', 336, 432, '<table width=\"100%\" class=\"opis\" style=\"background-color: rgb(255, 255, 255); font-weight: inherit; font-family: &quot;Roboto Condensed&quot;, sans-serif; margin: 0px; padding: 0px; color: rgb(33, 37, 41); font-size: 16px; width: 1102px; table-layout: fixed; background-position: initial; background-repeat: initial; outline: 0px; vertical-align: top;\"><tbody style=\"box-sizing: border-box; font-family: Poppins, sans-serif; margin: 0px; padding: 0px; background-position: initial; background-repeat: initial; font-weight: inherit; outline: 0px; vertical-align: top;\"><tr style=\"box-sizing: border-box; margin: 0px; padding: 0px; background-position: initial; background-repeat: initial; font-weight: inherit; outline: 0px; vertical-align: top;\"><td style=\"box-sizing: border-box; padding: 3px; margin: 0px; border-top: none; border-right: 0px none; border-bottom: none; border-left: 0px none; font-size: 14px;\"><span style=\"box-sizing: border-box; margin: 0px; padding: 0px; background-position: initial; background-repeat: initial; font-weight: inherit; outline: 0px; vertical-align: inherit;\">Karakteristikat:</span></td></tr><tr style=\"box-sizing: border-box; margin: 0px; padding: 0px; background-color: transparent; font-weight: inherit; outline: 0px; vertical-align: top;\"><td style=\"box-sizing: border-box; padding: 3px; margin: 0px; border-top: none; border-right: 0px none; border-bottom: none; border-left: 0px none; font-size: 14px;\"><span style=\"box-sizing: border-box; margin: 0px; padding: 0px; background-position: initial; background-repeat: initial; font-weight: inherit; outline: 0px; vertical-align: inherit;\">- treguesi i nxehtësisë</span></td></tr><tr style=\"box-sizing: border-box; margin: 0px; padding: 0px; background-position: initial; background-repeat: initial; font-weight: inherit; outline: 0px; vertical-align: top;\"><td style=\"box-sizing: border-box; padding: 3px; margin: 0px; border-top: none; border-right: 0px none; border-bottom: none; border-left: 0px none; font-size: 14px;\"><span style=\"box-sizing: border-box; margin: 0px; padding: 0px; background-position: initial; background-repeat: initial; font-weight: inherit; outline: 0px; vertical-align: inherit;\">- kapaciteti: 72 l<br><table width=\"100%\" class=\"opis\" style=\"background-color: rgb(255, 255, 255); font-weight: inherit; font-family: &quot;Roboto Condensed&quot;, sans-serif; margin: 0px; padding: 0px; font-size: 16px; width: 1102px; table-layout: fixed; background-position: initial; background-repeat: initial; outline: 0px; vertical-align: top;\"><tbody style=\"box-sizing: border-box; font-family: Poppins, sans-serif; margin: 0px; padding: 0px; background-position: initial; background-repeat: initial; font-weight: inherit; outline: 0px; vertical-align: top;\"><tr style=\"box-sizing: border-box; margin: 0px; padding: 0px; background-position: initial; background-repeat: initial; font-weight: inherit; outline: 0px; vertical-align: top;\"><td style=\"box-sizing: border-box; padding: 3px; margin: 0px; border-top: none; border-right: 0px none; border-bottom: none; border-left: 0px none; font-size: 14px;\"><span style=\"box-sizing: border-box; margin: 0px; padding: 0px; background-position: initial; background-repeat: initial; font-weight: inherit; outline: 0px; vertical-align: inherit;\">- dera e ftohtë në prekje</span></td></tr><tr style=\"box-sizing: border-box; margin: 0px; padding: 0px; background-color: transparent; font-weight: inherit; outline: 0px; vertical-align: top;\"><td style=\"box-sizing: border-box; padding: 3px; margin: 0px; border-top: none; border-right: 0px none; border-bottom: none; border-left: 0px none; font-size: 14px;\"><span style=\"box-sizing: border-box; margin: 0px; padding: 0px; background-position: initial; background-repeat: initial; font-weight: inherit; outline: 0px; vertical-align: inherit;\">- Xhami në derë mund të hiqet për pastrim më të lehtë</span></td></tr><tr style=\"box-sizing: border-box; margin: 0px; padding: 0px; background-position: initial; background-repeat: initial; font-weight: inherit; outline: 0px; vertical-align: top;\"><td style=\"box-sizing: border-box; padding: 3px; margin: 0px; border-top: none; border-right: 0px none; border-bottom: none; border-left: 0px none; font-size: 14px;\"><span style=\"box-sizing: border-box; margin: 0px; padding: 0px; background-position: initial; background-repeat: initial; font-weight: inherit; outline: 0px; vertical-align: inherit;\">- lartësi e rregullueshme</span></td></tr><tr style=\"box-sizing: border-box; margin: 0px; padding: 0px; background-color: transparent; font-weight: inherit; outline: 0px; vertical-align: top;\"><td style=\"box-sizing: border-box; padding: 3px; margin: 0px; border-top: none; border-right: 0px none; border-bottom: none; border-left: 0px none; font-size: 14px;\"><span style=\"box-sizing: border-box; margin: 0px; padding: 0px; background-position: initial; background-repeat: initial; font-weight: inherit; outline: 0px; vertical-align: inherit;\">- sirtar për ruajtjen e enëve për ruajtjen e ushqimit</span></td></tr><tr style=\"box-sizing: border-box; margin: 0px; padding: 0px; background-position: initial; background-repeat: initial; font-weight: inherit; outline: 0px; vertical-align: top;\"><td style=\"box-sizing: border-box; padding: 3px; margin: 0px; border-top: none; border-right: 0px none; border-bottom: none; border-left: 0px none; font-size: 14px;\"><span style=\"box-sizing: border-box; margin: 0px; padding: 0px; background-position: initial; background-repeat: initial; font-weight: inherit; outline: 0px; vertical-align: inherit;\">- zhurma e funksionimit: 53 dB</span></td></tr><tr style=\"box-sizing: border-box; margin: 0px; padding: 0px; background-color: transparent; font-weight: inherit; outline: 0px; vertical-align: top;\"><td style=\"box-sizing: border-box; padding: 3px; margin: 0px; border-top: none; border-right: 0px none; border-bottom: none; border-left: 0px none; font-size: 14px;\"><span style=\"box-sizing: border-box; margin: 0px; padding: 0px; background-position: initial; background-repeat: initial; font-weight: inherit; outline: 0px; vertical-align: inherit;\">Funksionet e furrës: ngrohës i poshtëm, ventilator, ventilator + ngrohës i sipërm, skarë, barbekju + ngrohës i sipërm + ventilator, ngrohës i sipërm + ngrohës i poshtëm + ventilator, i butë, ngrohës i sipërm + ngrohës i poshtëm</span></td></tr><tr style=\"box-sizing: border-box; margin: 0px; padding: 0px; background-position: initial; background-repeat: initial; font-weight: inherit; outline: 0px; vertical-align: top;\"><td style=\"box-sizing: border-box; padding: 3px; margin: 0px; border-top: none; border-right: 0px none; border-bottom: none; border-left: 0px none; font-size: 14px;\"><span style=\"box-sizing: border-box; margin: 0px; padding: 0px; background-position: initial; background-repeat: initial; font-weight: inherit; outline: 0px; vertical-align: inherit;\">Funksionet e cilësimit të furrës: përfundimi, kohëzgjatja, kujtesa e minutave, bip, koha</span></td></tr><tr style=\"box-sizing: border-box; margin: 0px; padding: 0px; background-color: transparent; font-weight: inherit; outline: 0px; vertical-align: top;\"><td style=\"box-sizing: border-box; padding: 3px; margin: 0px; border-top: none; border-right: 0px none; border-bottom: none; border-left: 0px none; font-size: 14px;\"><span style=\"box-sizing: border-box; margin: 0px; padding: 0px; background-position: initial; background-repeat: initial; font-weight: inherit; outline: 0px; vertical-align: inherit;\">Fuqia totale e lidhur: 9500 W</span></td></tr><tr style=\"box-sizing: border-box; margin: 0px; padding: 0px; background-position: initial; background-repeat: initial; font-weight: inherit; outline: 0px; vertical-align: top;\"><td style=\"box-sizing: border-box; padding: 3px; margin: 0px; border-top: none; border-right: 0px none; border-bottom: none; border-left: 0px none; font-size: 14px;\"><span style=\"box-sizing: border-box; margin: 0px; padding: 0px; background-position: initial; background-repeat: initial; font-weight: inherit; outline: 0px; vertical-align: inherit;\">Tensioni i funksionimit: 220 V - 240 V, rrymë trefazore</span></td></tr><tr style=\"box-sizing: border-box; margin: 0px; padding: 0px; background-color: transparent; font-weight: inherit; outline: 0px; vertical-align: top;\"><td style=\"box-sizing: border-box; padding: 3px; margin: 0px; border-top: none; border-right: 0px none; border-bottom: none; border-left: 0px none; font-size: 14px;\"><span style=\"box-sizing: border-box; margin: 0px; padding: 0px; background-position: initial; background-repeat: initial; font-weight: inherit; outline: 0px; vertical-align: inherit;\">Ngjyra: e bardhë</span></td></tr><tr style=\"box-sizing: border-box; margin: 0px; padding: 0px; background-position: initial; background-repeat: initial; font-weight: inherit; outline: 0px; vertical-align: top;\"><td style=\"box-sizing: border-box; padding: 3px; margin: 0px; border-top: none; border-right: 0px none; border-bottom: none; border-left: 0px none; font-size: 14px;\"><span style=\"box-sizing: border-box; margin: 0px; padding: 0px; background-position: initial; background-repeat: initial; font-weight: inherit; outline: 0px; vertical-align: inherit;\">Përmasat (W x L x D): 59.6 x 85 x 60 cm</span></td></tr></tbody></table></span></td></tr><tr style=\"box-sizing: border-box; margin: 0px; padding: 0px; background-color: transparent; font-weight: inherit; outline: 0px; vertical-align: top;\"><td style=\"box-sizing: border-box; padding: 3px; margin: 0px; border-top: none; border-right: 0px none; border-bottom: none; border-left: 0px none; font-size: 14px;\"><br></td></tr><tr style=\"box-sizing: border-box; margin: 0px; padding: 0px; background-position: initial; background-repeat: initial; font-weight: inherit; outline: 0px; vertical-align: top;\"><td style=\"box-sizing: border-box; padding: 3px; margin: 0px; border-top: none; border-right: 0px none; border-bottom: none; border-left: 0px none; font-size: 14px;\"><br></td></tr></tbody></table>', '10.jpeg', '100.png', '1000.png', 4, 'In Stock', '2023-02-06 10:07:53', NULL);
INSERT INTO `products` (`id`, `category`, `subCategory`, `productName`, `productCompany`, `productPrice`, `productPriceBeforeDiscount`, `productDescription`, `productImage1`, `productImage2`, `productImage3`, `shippingCharge`, `productAvailability`, `postingDate`, `updationDate`) VALUES
(87, 8, 21, 'SHPORET INDESIT I6VSH(W)/KZ ME PLLAKË KERAMIKE', 'INDESIT', 380, 432, '<table width=\"100%\" class=\"opis\" style=\"background-color: rgb(255, 255, 255); font-weight: inherit; font-family: &quot;Roboto Condensed&quot;, sans-serif; margin: 0px; padding: 0px; color: rgb(33, 37, 41); font-size: 16px; width: 1102px; table-layout: fixed; background-position: initial; background-repeat: initial; outline: 0px; vertical-align: top;\"><tbody style=\"box-sizing: border-box; font-family: Poppins, sans-serif; margin: 0px; padding: 0px; background-position: initial; background-repeat: initial; font-weight: inherit; outline: 0px; vertical-align: top;\"><tr style=\"box-sizing: border-box; margin: 0px; padding: 0px; background-position: initial; background-repeat: initial; font-weight: inherit; outline: 0px; vertical-align: top;\"><td style=\"box-sizing: border-box; padding: 3px; margin: 0px; border-top: none; border-right: 0px none; border-bottom: none; border-left: 0px none; font-size: 14px;\"><span style=\"box-sizing: border-box; margin: 0px; padding: 0px; background-position: initial; background-repeat: initial; font-weight: inherit; outline: 0px; vertical-align: inherit;\">Karakteristikat:</span></td></tr><tr style=\"box-sizing: border-box; margin: 0px; padding: 0px; background-color: transparent; font-weight: inherit; outline: 0px; vertical-align: top;\"><td style=\"box-sizing: border-box; padding: 3px; margin: 0px; border-top: none; border-right: 0px none; border-bottom: none; border-left: 0px none; font-size: 14px;\"><span style=\"box-sizing: border-box; margin: 0px; padding: 0px; background-position: initial; background-repeat: initial; font-weight: inherit; outline: 0px; vertical-align: inherit;\">- treguesi i nxehtësisë</span></td></tr><tr style=\"box-sizing: border-box; margin: 0px; padding: 0px; background-position: initial; background-repeat: initial; font-weight: inherit; outline: 0px; vertical-align: top;\"><td style=\"box-sizing: border-box; padding: 3px; margin: 0px; border-top: none; border-right: 0px none; border-bottom: none; border-left: 0px none; font-size: 14px;\"><span style=\"box-sizing: border-box; margin: 0px; padding: 0px; background-position: initial; background-repeat: initial; font-weight: inherit; outline: 0px; vertical-align: inherit;\">- kapaciteti: 63 l<br style=\"box-sizing: border-box;\"><table width=\"100%\" class=\"opis\" style=\"background-color: rgb(255, 255, 255); font-weight: inherit; font-family: &quot;Roboto Condensed&quot;, sans-serif; margin: 0px; padding: 0px; font-size: 16px; width: 1102px; table-layout: fixed; background-position: initial; background-repeat: initial; outline: 0px; vertical-align: top;\"><tbody style=\"box-sizing: border-box; font-family: Poppins, sans-serif; margin: 0px; padding: 0px; background-position: initial; background-repeat: initial; font-weight: inherit; outline: 0px; vertical-align: top;\"><tr style=\"box-sizing: border-box; margin: 0px; padding: 0px; background-position: initial; background-repeat: initial; font-weight: inherit; outline: 0px; vertical-align: top;\"><td style=\"box-sizing: border-box; padding: 3px; margin: 0px; border-top: none; border-right: 0px none; border-bottom: none; border-left: 0px none; font-size: 14px;\"><span style=\"box-sizing: border-box; margin: 0px; padding: 0px; background-position: initial; background-repeat: initial; font-weight: inherit; outline: 0px; vertical-align: inherit;\">- dera e ftohtë në prekje</span></td></tr><tr style=\"box-sizing: border-box; margin: 0px; padding: 0px; background-color: transparent; font-weight: inherit; outline: 0px; vertical-align: top;\"><td style=\"box-sizing: border-box; padding: 3px; margin: 0px; border-top: none; border-right: 0px none; border-bottom: none; border-left: 0px none; font-size: 14px;\"><span style=\"box-sizing: border-box; margin: 0px; padding: 0px; background-position: initial; background-repeat: initial; font-weight: inherit; outline: 0px; vertical-align: inherit;\">- Xhami në derë mund të hiqet për pastrim më të lehtë</span></td></tr><tr style=\"box-sizing: border-box; margin: 0px; padding: 0px; background-position: initial; background-repeat: initial; font-weight: inherit; outline: 0px; vertical-align: top;\"><td style=\"box-sizing: border-box; padding: 3px; margin: 0px; border-top: none; border-right: 0px none; border-bottom: none; border-left: 0px none; font-size: 14px;\"><span style=\"box-sizing: border-box; margin: 0px; padding: 0px; background-position: initial; background-repeat: initial; font-weight: inherit; outline: 0px; vertical-align: inherit;\">- lartësi e rregullueshme</span></td></tr><tr style=\"box-sizing: border-box; margin: 0px; padding: 0px; background-color: transparent; font-weight: inherit; outline: 0px; vertical-align: top;\"><td style=\"box-sizing: border-box; padding: 3px; margin: 0px; border-top: none; border-right: 0px none; border-bottom: none; border-left: 0px none; font-size: 14px;\"><span style=\"box-sizing: border-box; margin: 0px; padding: 0px; background-position: initial; background-repeat: initial; font-weight: inherit; outline: 0px; vertical-align: inherit;\">- sirtar për ruajtjen e enëve për ruajtjen e ushqimit</span></td></tr><tr style=\"box-sizing: border-box; margin: 0px; padding: 0px; background-position: initial; background-repeat: initial; font-weight: inherit; outline: 0px; vertical-align: top;\"><td style=\"box-sizing: border-box; padding: 3px; margin: 0px; border-top: none; border-right: 0px none; border-bottom: none; border-left: 0px none; font-size: 14px;\"><span style=\"box-sizing: border-box; margin: 0px; padding: 0px; background-position: initial; background-repeat: initial; font-weight: inherit; outline: 0px; vertical-align: inherit;\">- zhurma e funksionimit: 53 dB</span></td></tr><tr style=\"box-sizing: border-box; margin: 0px; padding: 0px; background-color: transparent; font-weight: inherit; outline: 0px; vertical-align: top;\"><td style=\"box-sizing: border-box; padding: 3px; margin: 0px; border-top: none; border-right: 0px none; border-bottom: none; border-left: 0px none; font-size: 14px;\"><span style=\"box-sizing: border-box; margin: 0px; padding: 0px; background-position: initial; background-repeat: initial; font-weight: inherit; outline: 0px; vertical-align: inherit;\">Funksionet e furrës: ngrohës i poshtëm, ventilator, ventilator + ngrohës i sipërm, skarë, barbekju + ngrohës i sipërm + ventilator, ngrohës i sipërm + ngrohës i poshtëm + ventilator, i butë, ngrohës i sipërm + ngrohës i poshtëm</span></td></tr><tr style=\"box-sizing: border-box; margin: 0px; padding: 0px; background-position: initial; background-repeat: initial; font-weight: inherit; outline: 0px; vertical-align: top;\"><td style=\"box-sizing: border-box; padding: 3px; margin: 0px; border-top: none; border-right: 0px none; border-bottom: none; border-left: 0px none; font-size: 14px;\"><span style=\"box-sizing: border-box; margin: 0px; padding: 0px; background-position: initial; background-repeat: initial; font-weight: inherit; outline: 0px; vertical-align: inherit;\">Funksionet e cilësimit të furrës: përfundimi, kohëzgjatja, kujtesa e minutave, bip, koha</span></td></tr><tr style=\"box-sizing: border-box; margin: 0px; padding: 0px; background-color: transparent; font-weight: inherit; outline: 0px; vertical-align: top;\"><td style=\"box-sizing: border-box; padding: 3px; margin: 0px; border-top: none; border-right: 0px none; border-bottom: none; border-left: 0px none; font-size: 14px;\"><span style=\"box-sizing: border-box; margin: 0px; padding: 0px; background-position: initial; background-repeat: initial; font-weight: inherit; outline: 0px; vertical-align: inherit;\">Fuqia totale e lidhur: 9500 W</span></td></tr><tr style=\"box-sizing: border-box; margin: 0px; padding: 0px; background-position: initial; background-repeat: initial; font-weight: inherit; outline: 0px; vertical-align: top;\"><td style=\"box-sizing: border-box; padding: 3px; margin: 0px; border-top: none; border-right: 0px none; border-bottom: none; border-left: 0px none; font-size: 14px;\"><span style=\"box-sizing: border-box; margin: 0px; padding: 0px; background-position: initial; background-repeat: initial; font-weight: inherit; outline: 0px; vertical-align: inherit;\">Tensioni i funksionimit: 220 V - 240 V, rrymë trefazore</span></td></tr><tr style=\"box-sizing: border-box; margin: 0px; padding: 0px; background-color: transparent; font-weight: inherit; outline: 0px; vertical-align: top;\"><td style=\"box-sizing: border-box; padding: 3px; margin: 0px; border-top: none; border-right: 0px none; border-bottom: none; border-left: 0px none; font-size: 14px;\"><span style=\"box-sizing: border-box; margin: 0px; padding: 0px; background-position: initial; background-repeat: initial; font-weight: inherit; outline: 0px; vertical-align: inherit;\">Ngjyra: e bardhë</span></td></tr><tr style=\"box-sizing: border-box; margin: 0px; padding: 0px; background-position: initial; background-repeat: initial; font-weight: inherit; outline: 0px; vertical-align: top;\"><td style=\"box-sizing: border-box; padding: 3px; margin: 0px; border-top: none; border-right: 0px none; border-bottom: none; border-left: 0px none; font-size: 14px;\"><span style=\"box-sizing: border-box; margin: 0px; padding: 0px; background-position: initial; background-repeat: initial; font-weight: inherit; outline: 0px; vertical-align: inherit;\">Përmasat (W x L x D): 59.6 x 85 x 60 cm</span></td></tr></tbody></table></span></td></tr></tbody></table>', 'a.jpeg', '3.jpeg', '1000.png', 3, 'In Stock', '2023-02-06 10:11:33', NULL),
(88, 8, 21, 'SHPORET HUGO H-SE-03 ME 4 PLLAKA', 'HUGO', 299, 0, '<table width=\"100%\" class=\"opis\" style=\"text-align: left; background-color: rgb(255, 255, 255); font-weight: inherit; font-family: &quot;Roboto Condensed&quot;, sans-serif; margin: 0px; padding: 0px; color: rgb(33, 37, 41); font-size: 16px; width: 1102px; table-layout: fixed; background-position: initial; background-repeat: initial; outline: 0px; vertical-align: top;\"><tbody style=\"box-sizing: border-box; font-family: Poppins, sans-serif; margin: 0px; padding: 0px; background-position: initial; background-repeat: initial; font-weight: inherit; outline: 0px; vertical-align: top;\"><tr style=\"box-sizing: border-box; margin: 0px; padding: 0px; background-position: initial; background-repeat: initial; font-weight: inherit; outline: 0px; vertical-align: top;\"><td style=\"text-align: left; box-sizing: border-box; padding: 3px; margin: 0px; border-top: none; border-right: 0px none; border-bottom: none; border-left: 0px none; font-size: 14px;\"><span style=\"box-sizing: border-box; margin: 0px; padding: 0px; background-position: initial; background-repeat: initial; font-weight: inherit; outline: 0px; vertical-align: inherit;\">Karakteristikat:</span></td></tr><tr style=\"box-sizing: border-box; margin: 0px; padding: 0px; background-color: transparent; font-weight: inherit; outline: 0px; vertical-align: top;\"><td style=\"text-align: left; box-sizing: border-box; padding: 3px; margin: 0px; border-top: none; border-right: 0px none; border-bottom: none; border-left: 0px none; font-size: 14px;\"><span style=\"box-sizing: border-box; margin: 0px; padding: 0px; background-position: initial; background-repeat: initial; font-weight: inherit; outline: 0px; vertical-align: inherit;\">- treguesi i nxehtësisë</span></td></tr><tr style=\"box-sizing: border-box; margin: 0px; padding: 0px; background-position: initial; background-repeat: initial; font-weight: inherit; outline: 0px; vertical-align: top;\"><td style=\"box-sizing: border-box; padding: 3px; margin: 0px; border-top: none; border-right: 0px none; border-bottom: none; border-left: 0px none; font-size: 14px;\"><div style=\"text-align: left;\"><span style=\"font-weight: inherit;\">- kapaciteti: 58 l</span></div><span style=\"box-sizing: border-box; margin: 0px; padding: 0px; background-position: initial; background-repeat: initial; font-weight: inherit; outline: 0px; vertical-align: inherit;\"><table width=\"100%\" class=\"opis\" style=\"text-align: left; background-color: rgb(255, 255, 255); font-weight: inherit; font-family: &quot;Roboto Condensed&quot;, sans-serif; margin: 0px; padding: 0px; font-size: 16px; width: 1102px; table-layout: fixed; background-position: initial; background-repeat: initial; outline: 0px; vertical-align: top;\"><tbody style=\"box-sizing: border-box; font-family: Poppins, sans-serif; margin: 0px; padding: 0px; background-position: initial; background-repeat: initial; font-weight: inherit; outline: 0px; vertical-align: top;\"><tr style=\"box-sizing: border-box; margin: 0px; padding: 0px; background-position: initial; background-repeat: initial; font-weight: inherit; outline: 0px; vertical-align: top;\"><td style=\"box-sizing: border-box; padding: 3px; margin: 0px; border-top: none; border-right: 0px none; border-bottom: none; border-left: 0px none; font-size: 14px;\"><span style=\"box-sizing: border-box; margin: 0px; padding: 0px; background-position: initial; background-repeat: initial; font-weight: inherit; outline: 0px; vertical-align: inherit;\">- dera e ftohtë në prekje</span></td></tr><tr style=\"box-sizing: border-box; margin: 0px; padding: 0px; background-color: transparent; font-weight: inherit; outline: 0px; vertical-align: top;\"><td style=\"box-sizing: border-box; padding: 3px; margin: 0px; border-top: none; border-right: 0px none; border-bottom: none; border-left: 0px none; font-size: 14px;\"><span style=\"box-sizing: border-box; margin: 0px; padding: 0px; background-position: initial; background-repeat: initial; font-weight: inherit; outline: 0px; vertical-align: inherit;\">- Xhami në derë mund të hiqet për pastrim më të lehtë</span></td></tr><tr style=\"box-sizing: border-box; margin: 0px; padding: 0px; background-position: initial; background-repeat: initial; font-weight: inherit; outline: 0px; vertical-align: top;\"><td style=\"box-sizing: border-box; padding: 3px; margin: 0px; border-top: none; border-right: 0px none; border-bottom: none; border-left: 0px none; font-size: 14px;\"><span style=\"box-sizing: border-box; margin: 0px; padding: 0px; background-position: initial; background-repeat: initial; font-weight: inherit; outline: 0px; vertical-align: inherit;\">- lartësi e rregullueshme</span></td></tr><tr style=\"box-sizing: border-box; margin: 0px; padding: 0px; background-color: transparent; font-weight: inherit; outline: 0px; vertical-align: top;\"><td style=\"box-sizing: border-box; padding: 3px; margin: 0px; border-top: none; border-right: 0px none; border-bottom: none; border-left: 0px none; font-size: 14px;\"><span style=\"box-sizing: border-box; margin: 0px; padding: 0px; background-position: initial; background-repeat: initial; font-weight: inherit; outline: 0px; vertical-align: inherit;\">- sirtar për ruajtjen e enëve për ruajtjen e ushqimit</span></td></tr><tr style=\"box-sizing: border-box; margin: 0px; padding: 0px; background-position: initial; background-repeat: initial; font-weight: inherit; outline: 0px; vertical-align: top;\"><td style=\"box-sizing: border-box; padding: 3px; margin: 0px; border-top: none; border-right: 0px none; border-bottom: none; border-left: 0px none; font-size: 14px;\"><span style=\"box-sizing: border-box; margin: 0px; padding: 0px; background-position: initial; background-repeat: initial; font-weight: inherit; outline: 0px; vertical-align: inherit;\">- zhurma e funksionimit: 53 dB</span></td></tr><tr style=\"box-sizing: border-box; margin: 0px; padding: 0px; background-color: transparent; font-weight: inherit; outline: 0px; vertical-align: top;\"><td style=\"box-sizing: border-box; padding: 3px; margin: 0px; border-top: none; border-right: 0px none; border-bottom: none; border-left: 0px none; font-size: 14px;\"><span style=\"box-sizing: border-box; margin: 0px; padding: 0px; background-position: initial; background-repeat: initial; font-weight: inherit; outline: 0px; vertical-align: inherit;\">Funksionet e furrës: ngrohës i poshtëm, skarë, barbekju + ngrohës i sipërm + ventilator, ngrohës i sipërm + ngrohës i poshtëm + ventilator, i butë, ngrohës i sipërm + ngrohës i poshtëm</span></td></tr><tr style=\"box-sizing: border-box; margin: 0px; padding: 0px; background-position: initial; background-repeat: initial; font-weight: inherit; outline: 0px; vertical-align: top;\"><td style=\"box-sizing: border-box; padding: 3px; margin: 0px; border-top: none; border-right: 0px none; border-bottom: none; border-left: 0px none; font-size: 14px;\"><span style=\"box-sizing: border-box; margin: 0px; padding: 0px; background-position: initial; background-repeat: initial; font-weight: inherit; outline: 0px; vertical-align: inherit;\">Funksionet e cilësimit të furrës: përfundimi, kohëzgjatja, kujtesa e minutave, bip, koha</span></td></tr><tr style=\"box-sizing: border-box; margin: 0px; padding: 0px; background-color: transparent; font-weight: inherit; outline: 0px; vertical-align: top;\"><td style=\"box-sizing: border-box; padding: 3px; margin: 0px; border-top: none; border-right: 0px none; border-bottom: none; border-left: 0px none; font-size: 14px;\"><span style=\"box-sizing: border-box; margin: 0px; padding: 0px; background-position: initial; background-repeat: initial; font-weight: inherit; outline: 0px; vertical-align: inherit;\">Fuqia totale e lidhur: 9500 W</span></td></tr><tr style=\"box-sizing: border-box; margin: 0px; padding: 0px; background-position: initial; background-repeat: initial; font-weight: inherit; outline: 0px; vertical-align: top;\"><td style=\"box-sizing: border-box; padding: 3px; margin: 0px; border-top: none; border-right: 0px none; border-bottom: none; border-left: 0px none; font-size: 14px;\"><span style=\"box-sizing: border-box; margin: 0px; padding: 0px; background-position: initial; background-repeat: initial; font-weight: inherit; outline: 0px; vertical-align: inherit;\">Tensioni i funksionimit: 220 V - 240 V, rrymë trefazore</span></td></tr><tr style=\"box-sizing: border-box; margin: 0px; padding: 0px; background-color: transparent; font-weight: inherit; outline: 0px; vertical-align: top;\"><td style=\"box-sizing: border-box; padding: 3px; margin: 0px; border-top: none; border-right: 0px none; border-bottom: none; border-left: 0px none; font-size: 14px;\"><span style=\"box-sizing: border-box; margin: 0px; padding: 0px; background-position: initial; background-repeat: initial; font-weight: inherit; outline: 0px; vertical-align: inherit;\">Ngjyra: e bardhë</span></td></tr><tr style=\"box-sizing: border-box; margin: 0px; padding: 0px; background-position: initial; background-repeat: initial; font-weight: inherit; outline: 0px; vertical-align: top;\"><td style=\"box-sizing: border-box; padding: 3px; margin: 0px; border-top: none; border-right: 0px none; border-bottom: none; border-left: 0px none; font-size: 14px;\"><span style=\"box-sizing: border-box; margin: 0px; padding: 0px; background-position: initial; background-repeat: initial; font-weight: inherit; outline: 0px; vertical-align: inherit;\">Përmasat (W x L x D): 59.6 x 85 x 60 cm</span></td></tr></tbody></table></span></td></tr></tbody></table>', '4.png', '3.jpeg', '', 2, 'In Stock', '2023-02-06 10:21:42', NULL),
(89, 8, 21, 'SHPORET HUGO H-SE-01 ME 4 PLLAKA', 'HUGO', 280, 383, '<table width=\"100%\" class=\"opis\" style=\"background-color: rgb(255, 255, 255); font-weight: inherit; font-family: &quot;Roboto Condensed&quot;, sans-serif; margin: 0px; padding: 0px; color: rgb(33, 37, 41); font-size: 16px; width: 1102px; table-layout: fixed; background-position: initial; background-repeat: initial; outline: 0px; vertical-align: top;\"><tbody style=\"box-sizing: border-box; font-family: Poppins, sans-serif; margin: 0px; padding: 0px; background-position: initial; background-repeat: initial; font-weight: inherit; outline: 0px; vertical-align: top;\"><tr style=\"box-sizing: border-box; margin: 0px; padding: 0px; background-position: initial; background-repeat: initial; font-weight: inherit; outline: 0px; vertical-align: top;\"><td style=\"box-sizing: border-box; padding: 3px; margin: 0px; border-top: none; border-right: 0px none; border-bottom: none; border-left: 0px none; font-size: 14px;\"><span style=\"box-sizing: border-box; margin: 0px; padding: 0px; background-position: initial; background-repeat: initial; font-weight: inherit; outline: 0px; vertical-align: inherit;\">Karakteristikat:</span></td></tr><tr style=\"box-sizing: border-box; margin: 0px; padding: 0px; background-color: transparent; font-weight: inherit; outline: 0px; vertical-align: top;\"><td style=\"box-sizing: border-box; padding: 3px; margin: 0px; border-top: none; border-right: 0px none; border-bottom: none; border-left: 0px none; font-size: 14px;\"><span style=\"box-sizing: border-box; margin: 0px; padding: 0px; background-position: initial; background-repeat: initial; font-weight: inherit; outline: 0px; vertical-align: inherit;\">- treguesi i nxehtësisë</span></td></tr><tr style=\"box-sizing: border-box; margin: 0px; padding: 0px; background-position: initial; background-repeat: initial; font-weight: inherit; outline: 0px; vertical-align: top;\"><td style=\"box-sizing: border-box; padding: 3px; margin: 0px; border-top: none; border-right: 0px none; border-bottom: none; border-left: 0px none; font-size: 14px;\"><span style=\"box-sizing: border-box; margin: 0px; padding: 0px; background-position: initial; background-repeat: initial; font-weight: inherit; outline: 0px; vertical-align: inherit;\">- kapaciteti: 72 l</span></td></tr><tr style=\"box-sizing: border-box; margin: 0px; padding: 0px; background-color: transparent; font-weight: inherit; outline: 0px; vertical-align: top;\"><td style=\"box-sizing: border-box; padding: 3px; margin: 0px; border-top: none; border-right: 0px none; border-bottom: none; border-left: 0px none; font-size: 14px;\"><span style=\"box-sizing: border-box; margin: 0px; padding: 0px; background-position: initial; background-repeat: initial; font-weight: inherit; outline: 0px; vertical-align: inherit;\">- ventilator</span></td></tr><tr style=\"box-sizing: border-box; margin: 0px; padding: 0px; background-position: initial; background-repeat: initial; font-weight: inherit; outline: 0px; vertical-align: top;\"><td style=\"box-sizing: border-box; padding: 3px; margin: 0px; border-top: none; border-right: 0px none; border-bottom: none; border-left: 0px none; font-size: 14px;\"><span style=\"box-sizing: border-box; margin: 0px; padding: 0px; background-position: initial; background-repeat: initial; font-weight: inherit; outline: 0px; vertical-align: inherit;\">- dera e ftohtë në prekje</span></td></tr><tr style=\"box-sizing: border-box; margin: 0px; padding: 0px; background-color: transparent; font-weight: inherit; outline: 0px; vertical-align: top;\"><td style=\"box-sizing: border-box; padding: 3px; margin: 0px; border-top: none; border-right: 0px none; border-bottom: none; border-left: 0px none; font-size: 14px;\"><span style=\"box-sizing: border-box; margin: 0px; padding: 0px; background-position: initial; background-repeat: initial; font-weight: inherit; outline: 0px; vertical-align: inherit;\">- Xhami në derë mund të hiqet për pastrim më të lehtë</span></td></tr><tr style=\"box-sizing: border-box; margin: 0px; padding: 0px; background-position: initial; background-repeat: initial; font-weight: inherit; outline: 0px; vertical-align: top;\"><td style=\"box-sizing: border-box; padding: 3px; margin: 0px; border-top: none; border-right: 0px none; border-bottom: none; border-left: 0px none; font-size: 14px;\"><span style=\"box-sizing: border-box; margin: 0px; padding: 0px; background-position: initial; background-repeat: initial; font-weight: inherit; outline: 0px; vertical-align: inherit;\">- lartësi e rregullueshme</span></td></tr><tr style=\"box-sizing: border-box; margin: 0px; padding: 0px; background-color: transparent; font-weight: inherit; outline: 0px; vertical-align: top;\"><td style=\"box-sizing: border-box; padding: 3px; margin: 0px; border-top: none; border-right: 0px none; border-bottom: none; border-left: 0px none; font-size: 14px;\"><span style=\"box-sizing: border-box; margin: 0px; padding: 0px; background-position: initial; background-repeat: initial; font-weight: inherit; outline: 0px; vertical-align: inherit;\">- sirtar për ruajtjen e enëve për ruajtjen e ushqimit</span></td></tr><tr style=\"box-sizing: border-box; margin: 0px; padding: 0px; background-position: initial; background-repeat: initial; font-weight: inherit; outline: 0px; vertical-align: top;\"><td style=\"box-sizing: border-box; padding: 3px; margin: 0px; border-top: none; border-right: 0px none; border-bottom: none; border-left: 0px none; font-size: 14px;\"><span style=\"box-sizing: border-box; margin: 0px; padding: 0px; background-position: initial; background-repeat: initial; font-weight: inherit; outline: 0px; vertical-align: inherit;\">- zhurma e funksionimit: 53 dB</span></td></tr><tr style=\"box-sizing: border-box; margin: 0px; padding: 0px; background-color: transparent; font-weight: inherit; outline: 0px; vertical-align: top;\"><td style=\"box-sizing: border-box; padding: 3px; margin: 0px; border-top: none; border-right: 0px none; border-bottom: none; border-left: 0px none; font-size: 14px;\"><span style=\"box-sizing: border-box; margin: 0px; padding: 0px; background-position: initial; background-repeat: initial; font-weight: inherit; outline: 0px; vertical-align: inherit;\">Funksionet e furrës: ngrohës i poshtëm, ventilator, ventilator + ngrohës i sipërm, skarë, barbekju + ngrohës i sipërm + ventilator, ngrohës i sipërm + ngrohës i poshtëm + ventilator, i butë, ngrohës i sipërm + ngrohës i poshtëm</span></td></tr><tr style=\"box-sizing: border-box; margin: 0px; padding: 0px; background-position: initial; background-repeat: initial; font-weight: inherit; outline: 0px; vertical-align: top;\"><td style=\"box-sizing: border-box; padding: 3px; margin: 0px; border-top: none; border-right: 0px none; border-bottom: none; border-left: 0px none; font-size: 14px;\"><span style=\"box-sizing: border-box; margin: 0px; padding: 0px; background-position: initial; background-repeat: initial; font-weight: inherit; outline: 0px; vertical-align: inherit;\">Funksionet e cilësimit të furrës: përfundimi, kohëzgjatja, kujtesa e minutave, bip, koha</span></td></tr><tr style=\"box-sizing: border-box; margin: 0px; padding: 0px; background-color: transparent; font-weight: inherit; outline: 0px; vertical-align: top;\"><td style=\"box-sizing: border-box; padding: 3px; margin: 0px; border-top: none; border-right: 0px none; border-bottom: none; border-left: 0px none; font-size: 14px;\"><span style=\"box-sizing: border-box; margin: 0px; padding: 0px; background-position: initial; background-repeat: initial; font-weight: inherit; outline: 0px; vertical-align: inherit;\">Fuqia totale e lidhur: 9500 W</span></td></tr><tr style=\"box-sizing: border-box; margin: 0px; padding: 0px; background-position: initial; background-repeat: initial; font-weight: inherit; outline: 0px; vertical-align: top;\"><td style=\"box-sizing: border-box; padding: 3px; margin: 0px; border-top: none; border-right: 0px none; border-bottom: none; border-left: 0px none; font-size: 14px;\"><span style=\"box-sizing: border-box; margin: 0px; padding: 0px; background-position: initial; background-repeat: initial; font-weight: inherit; outline: 0px; vertical-align: inherit;\">Tensioni i funksionimit: 220 V - 240 V, rrymë trefazore</span></td></tr><tr style=\"box-sizing: border-box; margin: 0px; padding: 0px; background-color: transparent; font-weight: inherit; outline: 0px; vertical-align: top;\"><td style=\"box-sizing: border-box; padding: 3px; margin: 0px; border-top: none; border-right: 0px none; border-bottom: none; border-left: 0px none; font-size: 14px;\"><span style=\"box-sizing: border-box; margin: 0px; padding: 0px; background-position: initial; background-repeat: initial; font-weight: inherit; outline: 0px; vertical-align: inherit;\">Ngjyra: e bardhë</span></td></tr><tr style=\"box-sizing: border-box; margin: 0px; padding: 0px; background-position: initial; background-repeat: initial; font-weight: inherit; outline: 0px; vertical-align: top;\"><td style=\"box-sizing: border-box; padding: 3px; margin: 0px; border-top: none; border-right: 0px none; border-bottom: none; border-left: 0px none; font-size: 14px;\"><span style=\"box-sizing: border-box; margin: 0px; padding: 0px; background-position: initial; background-repeat: initial; font-weight: inherit; outline: 0px; vertical-align: inherit;\">Përmasat (W x L x D): 59.6 x 85 x 60 cm</span></td></tr></tbody></table>', '6.jpeg', '3.jpeg', '', 3, 'In Stock', '2023-02-06 10:24:19', NULL),
(90, 8, 21, 'SHPORET HUGO H-SK-01 ME PLLAKË KERAMIKE', 'HUGO', 529, 0, '<table width=\"100%\" class=\"opis\" style=\"background-color: rgb(255, 255, 255); font-weight: inherit; font-family: &quot;Roboto Condensed&quot;, sans-serif; margin: 0px; padding: 0px; color: rgb(33, 37, 41); font-size: 16px; width: 1102px; table-layout: fixed; background-position: initial; background-repeat: initial; outline: 0px; vertical-align: top;\"><tbody style=\"box-sizing: border-box; font-family: Poppins, sans-serif; margin: 0px; padding: 0px; background-position: initial; background-repeat: initial; font-weight: inherit; outline: 0px; vertical-align: top;\"><tr style=\"box-sizing: border-box; margin: 0px; padding: 0px; background-position: initial; background-repeat: initial; font-weight: inherit; outline: 0px; vertical-align: top;\"><td style=\"box-sizing: border-box; padding: 3px; margin: 0px; border-top: none; border-right: 0px none; border-bottom: none; border-left: 0px none; font-size: 14px;\"><span style=\"box-sizing: border-box; margin: 0px; padding: 0px; background-position: initial; background-repeat: initial; font-weight: inherit; outline: 0px; vertical-align: inherit;\">Karakteristikat:</span></td></tr><tr style=\"box-sizing: border-box; margin: 0px; padding: 0px; background-color: transparent; font-weight: inherit; outline: 0px; vertical-align: top;\"><td style=\"box-sizing: border-box; padding: 3px; margin: 0px; border-top: none; border-right: 0px none; border-bottom: none; border-left: 0px none; font-size: 14px;\"><span style=\"box-sizing: border-box; margin: 0px; padding: 0px; background-position: initial; background-repeat: initial; font-weight: inherit; outline: 0px; vertical-align: inherit;\">- treguesi i nxehtësisë</span></td></tr><tr style=\"box-sizing: border-box; margin: 0px; padding: 0px; background-position: initial; background-repeat: initial; font-weight: inherit; outline: 0px; vertical-align: top;\"><td style=\"box-sizing: border-box; padding: 3px; margin: 0px; border-top: none; border-right: 0px none; border-bottom: none; border-left: 0px none; font-size: 14px;\"><span style=\"box-sizing: border-box; margin: 0px; padding: 0px; background-position: initial; background-repeat: initial; font-weight: inherit; outline: 0px; vertical-align: inherit;\">- kapaciteti: 64 l</span></td></tr><tr style=\"box-sizing: border-box; margin: 0px; padding: 0px; background-color: transparent; font-weight: inherit; outline: 0px; vertical-align: top;\"><td style=\"box-sizing: border-box; padding: 3px; margin: 0px; border-top: none; border-right: 0px none; border-bottom: none; border-left: 0px none; font-size: 14px;\"><span style=\"box-sizing: border-box; margin: 0px; padding: 0px; background-position: initial; background-repeat: initial; font-weight: inherit; outline: 0px; vertical-align: inherit;\">- ventilator</span></td></tr><tr style=\"box-sizing: border-box; margin: 0px; padding: 0px; background-position: initial; background-repeat: initial; font-weight: inherit; outline: 0px; vertical-align: top;\"><td style=\"box-sizing: border-box; padding: 3px; margin: 0px; border-top: none; border-right: 0px none; border-bottom: none; border-left: 0px none; font-size: 14px;\"><span style=\"box-sizing: border-box; margin: 0px; padding: 0px; background-position: initial; background-repeat: initial; font-weight: inherit; outline: 0px; vertical-align: inherit;\">- dera e ftohtë në prekje</span></td></tr><tr style=\"box-sizing: border-box; margin: 0px; padding: 0px; background-color: transparent; font-weight: inherit; outline: 0px; vertical-align: top;\"><td style=\"box-sizing: border-box; padding: 3px; margin: 0px; border-top: none; border-right: 0px none; border-bottom: none; border-left: 0px none; font-size: 14px;\"><span style=\"box-sizing: border-box; margin: 0px; padding: 0px; background-position: initial; background-repeat: initial; font-weight: inherit; outline: 0px; vertical-align: inherit;\">- Xhami në derë mund të hiqet për pastrim më të lehtë</span></td></tr><tr style=\"box-sizing: border-box; margin: 0px; padding: 0px; background-position: initial; background-repeat: initial; font-weight: inherit; outline: 0px; vertical-align: top;\"><td style=\"box-sizing: border-box; padding: 3px; margin: 0px; border-top: none; border-right: 0px none; border-bottom: none; border-left: 0px none; font-size: 14px;\"><span style=\"box-sizing: border-box; margin: 0px; padding: 0px; background-position: initial; background-repeat: initial; font-weight: inherit; outline: 0px; vertical-align: inherit;\">- lartësi e rregullueshme</span></td></tr><tr style=\"box-sizing: border-box; margin: 0px; padding: 0px; background-color: transparent; font-weight: inherit; outline: 0px; vertical-align: top;\"><td style=\"box-sizing: border-box; padding: 3px; margin: 0px; border-top: none; border-right: 0px none; border-bottom: none; border-left: 0px none; font-size: 14px;\"><span style=\"box-sizing: border-box; margin: 0px; padding: 0px; background-position: initial; background-repeat: initial; font-weight: inherit; outline: 0px; vertical-align: inherit;\">- sirtar për ruajtjen e enëve për ruajtjen e ushqimit</span></td></tr><tr style=\"box-sizing: border-box; margin: 0px; padding: 0px; background-position: initial; background-repeat: initial; font-weight: inherit; outline: 0px; vertical-align: top;\"><td style=\"box-sizing: border-box; padding: 3px; margin: 0px; border-top: none; border-right: 0px none; border-bottom: none; border-left: 0px none; font-size: 14px;\"><span style=\"box-sizing: border-box; margin: 0px; padding: 0px; background-position: initial; background-repeat: initial; font-weight: inherit; outline: 0px; vertical-align: inherit;\">- zhurma e funksionimit: 53 dB</span></td></tr><tr style=\"box-sizing: border-box; margin: 0px; padding: 0px; background-color: transparent; font-weight: inherit; outline: 0px; vertical-align: top;\"><td style=\"box-sizing: border-box; padding: 3px; margin: 0px; border-top: none; border-right: 0px none; border-bottom: none; border-left: 0px none; font-size: 14px;\"><span style=\"box-sizing: border-box; margin: 0px; padding: 0px; background-position: initial; background-repeat: initial; font-weight: inherit; outline: 0px; vertical-align: inherit;\">Funksionet e furrës: ngrohës i poshtëm, ventilator, ventilator + ngrohës i sipërm, skarë, barbekju + ngrohës i sipërm + ventilator, ngrohës i sipërm + ngrohës i poshtëm + ventilator, i butë, ngrohës i sipërm + ngrohës i poshtëm</span></td></tr><tr style=\"box-sizing: border-box; margin: 0px; padding: 0px; background-position: initial; background-repeat: initial; font-weight: inherit; outline: 0px; vertical-align: top;\"><td style=\"box-sizing: border-box; padding: 3px; margin: 0px; border-top: none; border-right: 0px none; border-bottom: none; border-left: 0px none; font-size: 14px;\"><span style=\"box-sizing: border-box; margin: 0px; padding: 0px; background-position: initial; background-repeat: initial; font-weight: inherit; outline: 0px; vertical-align: inherit;\">Funksionet e cilësimit të furrës: përfundimi, kohëzgjatja, kujtesa e minutave, bip, koha</span></td></tr><tr style=\"box-sizing: border-box; margin: 0px; padding: 0px; background-color: transparent; font-weight: inherit; outline: 0px; vertical-align: top;\"><td style=\"box-sizing: border-box; padding: 3px; margin: 0px; border-top: none; border-right: 0px none; border-bottom: none; border-left: 0px none; font-size: 14px;\"><span style=\"box-sizing: border-box; margin: 0px; padding: 0px; background-position: initial; background-repeat: initial; font-weight: inherit; outline: 0px; vertical-align: inherit;\">Fuqia totale e lidhur: 9500 W</span></td></tr><tr style=\"box-sizing: border-box; margin: 0px; padding: 0px; background-position: initial; background-repeat: initial; font-weight: inherit; outline: 0px; vertical-align: top;\"><td style=\"box-sizing: border-box; padding: 3px; margin: 0px; border-top: none; border-right: 0px none; border-bottom: none; border-left: 0px none; font-size: 14px;\"><span style=\"box-sizing: border-box; margin: 0px; padding: 0px; background-position: initial; background-repeat: initial; font-weight: inherit; outline: 0px; vertical-align: inherit;\">Tensioni i funksionimit: 220 V - 240 V, rrymë trefazore</span></td></tr><tr style=\"box-sizing: border-box; margin: 0px; padding: 0px; background-color: transparent; font-weight: inherit; outline: 0px; vertical-align: top;\"><td style=\"box-sizing: border-box; padding: 3px; margin: 0px; border-top: none; border-right: 0px none; border-bottom: none; border-left: 0px none; font-size: 14px;\"><span style=\"box-sizing: border-box; margin: 0px; padding: 0px; background-position: initial; background-repeat: initial; font-weight: inherit; outline: 0px; vertical-align: inherit;\">Ngjyra: e bardhë</span></td></tr><tr style=\"box-sizing: border-box; margin: 0px; padding: 0px; background-position: initial; background-repeat: initial; font-weight: inherit; outline: 0px; vertical-align: top;\"><td style=\"box-sizing: border-box; padding: 3px; margin: 0px; border-top: none; border-right: 0px none; border-bottom: none; border-left: 0px none; font-size: 14px;\"><span style=\"box-sizing: border-box; margin: 0px; padding: 0px; background-position: initial; background-repeat: initial; font-weight: inherit; outline: 0px; vertical-align: inherit;\">Përmasat (W x L x D): 59.6 x 85 x 60 cm</span></td></tr></tbody></table>', 'l.jpeg', '3.jpeg', '', 2, 'In Stock', '2023-02-06 10:26:07', NULL),
(91, 8, 21, 'SHPORET ELECTROLUX LKR 664100W ME PLLAKË KERAMIKE', 'ELECTROLUX', 529, 625, '<table width=\"100%\" class=\"opis\" style=\"background-color: rgb(255, 255, 255); font-weight: inherit; font-family: &quot;Roboto Condensed&quot;, sans-serif; margin: 0px; padding: 0px; color: rgb(33, 37, 41); font-size: 16px; width: 1102px; table-layout: fixed; background-position: initial; background-repeat: initial; outline: 0px; vertical-align: top;\"><tbody style=\"box-sizing: border-box; font-family: Poppins, sans-serif; margin: 0px; padding: 0px; background-position: initial; background-repeat: initial; font-weight: inherit; outline: 0px; vertical-align: top;\"><tr style=\"box-sizing: border-box; margin: 0px; padding: 0px; background-position: initial; background-repeat: initial; font-weight: inherit; outline: 0px; vertical-align: top;\"><td style=\"box-sizing: border-box; padding: 3px; margin: 0px; border-top: none; border-right: 0px none; border-bottom: none; border-left: 0px none; font-size: 14px;\"><span style=\"box-sizing: border-box; margin: 0px; padding: 0px; background-position: initial; background-repeat: initial; font-weight: inherit; outline: 0px; vertical-align: inherit;\">Karakteristikat:</span></td></tr><tr style=\"box-sizing: border-box; margin: 0px; padding: 0px; background-color: transparent; font-weight: inherit; outline: 0px; vertical-align: top;\"><td style=\"box-sizing: border-box; padding: 3px; margin: 0px; border-top: none; border-right: 0px none; border-bottom: none; border-left: 0px none; font-size: 14px;\"><span style=\"box-sizing: border-box; margin: 0px; padding: 0px; background-position: initial; background-repeat: initial; font-weight: inherit; outline: 0px; vertical-align: inherit;\">- pjekje me avull</span></td></tr><tr style=\"box-sizing: border-box; margin: 0px; padding: 0px; background-position: initial; background-repeat: initial; font-weight: inherit; outline: 0px; vertical-align: top;\"><td style=\"box-sizing: border-box; padding: 3px; margin: 0px; border-top: none; border-right: 0px none; border-bottom: none; border-left: 0px none; font-size: 14px;\"><span style=\"box-sizing: border-box; margin: 0px; padding: 0px; background-position: initial; background-repeat: initial; font-weight: inherit; outline: 0px; vertical-align: inherit;\">- kapaciteti: 62 l</span></td></tr><tr style=\"box-sizing: border-box; margin: 0px; padding: 0px; background-color: transparent; font-weight: inherit; outline: 0px; vertical-align: top;\"><td style=\"box-sizing: border-box; padding: 3px; margin: 0px; border-top: none; border-right: 0px none; border-bottom: none; border-left: 0px none; font-size: 14px;\"><span style=\"box-sizing: border-box; margin: 0px; padding: 0px; background-position: initial; background-repeat: initial; font-weight: inherit; outline: 0px; vertical-align: inherit;\">- ventilator</span></td></tr><tr style=\"box-sizing: border-box; margin: 0px; padding: 0px; background-position: initial; background-repeat: initial; font-weight: inherit; outline: 0px; vertical-align: top;\"><td style=\"box-sizing: border-box; padding: 3px; margin: 0px; border-top: none; border-right: 0px none; border-bottom: none; border-left: 0px none; font-size: 14px;\"><span style=\"box-sizing: border-box; margin: 0px; padding: 0px; background-position: initial; background-repeat: initial; font-weight: inherit; outline: 0px; vertical-align: inherit;\">- dera e ftohtë në prekje</span></td></tr><tr style=\"box-sizing: border-box; margin: 0px; padding: 0px; background-color: transparent; font-weight: inherit; outline: 0px; vertical-align: top;\"><td style=\"box-sizing: border-box; padding: 3px; margin: 0px; border-top: none; border-right: 0px none; border-bottom: none; border-left: 0px none; font-size: 14px;\"><span style=\"box-sizing: border-box; margin: 0px; padding: 0px; background-position: initial; background-repeat: initial; font-weight: inherit; outline: 0px; vertical-align: inherit;\">- Xhami në derë mund të hiqet për pastrim më të lehtë</span></td></tr><tr style=\"box-sizing: border-box; margin: 0px; padding: 0px; background-position: initial; background-repeat: initial; font-weight: inherit; outline: 0px; vertical-align: top;\"><td style=\"box-sizing: border-box; padding: 3px; margin: 0px; border-top: none; border-right: 0px none; border-bottom: none; border-left: 0px none; font-size: 14px;\"><span style=\"box-sizing: border-box; margin: 0px; padding: 0px; background-position: initial; background-repeat: initial; font-weight: inherit; outline: 0px; vertical-align: inherit;\">- lartësi e rregullueshme</span></td></tr><tr style=\"box-sizing: border-box; margin: 0px; padding: 0px; background-color: transparent; font-weight: inherit; outline: 0px; vertical-align: top;\"><td style=\"box-sizing: border-box; padding: 3px; margin: 0px; border-top: none; border-right: 0px none; border-bottom: none; border-left: 0px none; font-size: 14px;\"><span style=\"box-sizing: border-box; margin: 0px; padding: 0px; background-position: initial; background-repeat: initial; font-weight: inherit; outline: 0px; vertical-align: inherit;\">- sirtar për ruajtjen e enëve për ruajtjen e ushqimit</span></td></tr><tr style=\"box-sizing: border-box; margin: 0px; padding: 0px; background-position: initial; background-repeat: initial; font-weight: inherit; outline: 0px; vertical-align: top;\"><td style=\"box-sizing: border-box; padding: 3px; margin: 0px; border-top: none; border-right: 0px none; border-bottom: none; border-left: 0px none; font-size: 14px;\"><span style=\"box-sizing: border-box; margin: 0px; padding: 0px; background-position: initial; background-repeat: initial; font-weight: inherit; outline: 0px; vertical-align: inherit;\">- zhurma e funksionimit: 53 dB</span></td></tr><tr style=\"box-sizing: border-box; margin: 0px; padding: 0px; background-color: transparent; font-weight: inherit; outline: 0px; vertical-align: top;\"><td style=\"box-sizing: border-box; padding: 3px; margin: 0px; border-top: none; border-right: 0px none; border-bottom: none; border-left: 0px none; font-size: 14px;\"><span style=\"box-sizing: border-box; margin: 0px; padding: 0px; background-position: initial; background-repeat: initial; font-weight: inherit; outline: 0px; vertical-align: inherit;\">Funksionet e furrës: ngrohës i poshtëm, ventilator, ventilator + ngrohës i sipërm, skarë, barbekju + ngrohës i sipërm + ventilator, ngrohës i sipërm + ngrohës i poshtëm + ventilator, i butë, ngrohës i sipërm + ngrohës i poshtëm</span></td></tr><tr style=\"box-sizing: border-box; margin: 0px; padding: 0px; background-position: initial; background-repeat: initial; font-weight: inherit; outline: 0px; vertical-align: top;\"><td style=\"box-sizing: border-box; padding: 3px; margin: 0px; border-top: none; border-right: 0px none; border-bottom: none; border-left: 0px none; font-size: 14px;\"><span style=\"box-sizing: border-box; margin: 0px; padding: 0px; background-position: initial; background-repeat: initial; font-weight: inherit; outline: 0px; vertical-align: inherit;\">Funksionet e cilësimit të furrës: përfundimi, kohëzgjatja, kujtesa e minutave, bip, koha</span></td></tr><tr style=\"box-sizing: border-box; margin: 0px; padding: 0px; background-color: transparent; font-weight: inherit; outline: 0px; vertical-align: top;\"><td style=\"box-sizing: border-box; padding: 3px; margin: 0px; border-top: none; border-right: 0px none; border-bottom: none; border-left: 0px none; font-size: 14px;\"><span style=\"box-sizing: border-box; margin: 0px; padding: 0px; background-position: initial; background-repeat: initial; font-weight: inherit; outline: 0px; vertical-align: inherit;\">Fuqia totale e lidhur: 9500 W</span></td></tr><tr style=\"box-sizing: border-box; margin: 0px; padding: 0px; background-position: initial; background-repeat: initial; font-weight: inherit; outline: 0px; vertical-align: top;\"><td style=\"box-sizing: border-box; padding: 3px; margin: 0px; border-top: none; border-right: 0px none; border-bottom: none; border-left: 0px none; font-size: 14px;\"><span style=\"box-sizing: border-box; margin: 0px; padding: 0px; background-position: initial; background-repeat: initial; font-weight: inherit; outline: 0px; vertical-align: inherit;\">Tensioni i funksionimit: 220 V - 240 V, rrymë trefazore</span></td></tr><tr style=\"box-sizing: border-box; margin: 0px; padding: 0px; background-color: transparent; font-weight: inherit; outline: 0px; vertical-align: top;\"><td style=\"box-sizing: border-box; padding: 3px; margin: 0px; border-top: none; border-right: 0px none; border-bottom: none; border-left: 0px none; font-size: 14px;\"><span style=\"box-sizing: border-box; margin: 0px; padding: 0px; background-position: initial; background-repeat: initial; font-weight: inherit; outline: 0px; vertical-align: inherit;\">Ngjyra: e bardhë</span></td></tr><tr style=\"box-sizing: border-box; margin: 0px; padding: 0px; background-position: initial; background-repeat: initial; font-weight: inherit; outline: 0px; vertical-align: top;\"><td style=\"box-sizing: border-box; padding: 3px; margin: 0px; border-top: none; border-right: 0px none; border-bottom: none; border-left: 0px none; font-size: 14px;\"><span style=\"box-sizing: border-box; margin: 0px; padding: 0px; background-position: initial; background-repeat: initial; font-weight: inherit; outline: 0px; vertical-align: inherit;\">Përmasat (W x L x D): 59.6 x 85 x 60 cm</span></td></tr></tbody></table>', 'k.png', 'k8.png', 'k7.png', 3, 'In Stock', '2023-02-06 10:30:02', NULL);
INSERT INTO `products` (`id`, `category`, `subCategory`, `productName`, `productCompany`, `productPrice`, `productPriceBeforeDiscount`, `productDescription`, `productImage1`, `productImage2`, `productImage3`, `shippingCharge`, `productAvailability`, `postingDate`, `updationDate`) VALUES
(92, 8, 21, 'FURRE BEKO BBIE14100X', 'BEKO', 799, 0, '<p style=\"box-sizing: border-box; padding: 0px; font-size: 12px; outline: 0px; color: rgb(26, 26, 26); font-family: SkolaSans, sans-serif;\"><span style=\"box-sizing: border-box; margin: 0px; padding: 0px; outline: 0px; font-family: SkolaSans-bold;\">Furre me kapacitet 72L ,klasi i energjise A</span></p><ul style=\"box-sizing: border-box; margin-bottom: 0px; margin-left: 0px; font-size: 12px; outline: 0px; list-style: none; color: rgb(26, 26, 26); font-family: SkolaSans, sans-serif;\"><li style=\"box-sizing: border-box; margin: 0px; padding: 10px 15px; outline: 0px; display: block;\">Teknologjia AeroPerfect: lejon aerodinamike te permiresuar te rrjedhave te ajrit, krejtesisht homogjene ne zgaver</li><li style=\"box-sizing: border-box; margin: 0px; padding: 10px 15px; outline: 0px; background: rgb(250, 250, 250); display: block;\">Nxehtesia e pergatitur per perzierje optimale dhe rezultate te perkryera te njetrajtshme gatimi</li><li style=\"box-sizing: border-box; margin: 0px; padding: 10px 15px; outline: 0px; display: block;\">Fale kapacitetit te saj 72 L, kjo furre ofron 10% me shume gatim ne krahasim me nje furre konvencionale shumefunksionale</li><li style=\"box-sizing: border-box; margin: 0px; padding: 10px 15px; outline: 0px; background: rgb(250, 250, 250); display: block;\">Funksioni i skares: Ideale per gratin, buke te thekur, grila apo edhe hell mishi</li><li style=\"box-sizing: border-box; margin: 0px; padding: 10px 15px; outline: 0px; display: block;\">Ngrohja paraprake eshte nje hap thelbesor per pjatat e suksesshme. Per te shkurtuar kete parangrohje, funksioni Booster ben te mundur arritjen e temperatures se deshiruar 35% me shpejt, duke aktivizuar te gjithe elementet ngrohes.</li></ul>', 'FU0567.jfif', 'FU0567_1.jfif', '', 2, 'In Stock', '2023-02-06 10:33:57', NULL),
(93, 8, 22, 'ENËLARËSE JO MONTUESE SHARP QWHX13F47EWEU 60CM', 'SHARP', 380, 432, '54654', 'sh.png', '2.png', 'saa.png', 3, 'In Stock', '2023-02-06 12:20:19', NULL),
(94, 8, 23, 'FRIZ MIDEA 150L MDRC279FZF01CE 08/3', 'MIDEA', 200, 0, '<p style=\"text-align: justify; box-sizing: border-box; font-family: Poppins, sans-serif; padding: 0px; color: rgb(34, 34, 34); font-size: 16px;\"><span style=\"box-sizing: border-box; margin: 0px; padding: 0px; font-weight: bold;\">Freski maksimale, konsum minimal</span></p><p style=\"text-align: justify; box-sizing: border-box; font-family: Poppins, sans-serif; padding: 0px; color: rgb(34, 34, 34); font-size: 16px;\"><span style=\"font-weight: normal;\"><span style=\"box-sizing: border-box; margin: 0px; padding: 0px; vertical-align: inherit;\"><span style=\"box-sizing: border-box; margin: 0px; padding: 0px; vertical-align: inherit;\">Frizi Midea kombinon menaxhimin e hapësirës me performancën e lartë të ruajtjes.&nbsp;</span><span style=\"box-sizing: border-box; margin: 0px; padding: 0px; vertical-align: inherit;\">Është ideal për të mbajtur ushqimin të freskët, pa u shqetësuar për konsumin e lartë të energjisë elektrike, duke konsumuar më pak burime falë klasës së energjisë F. Kjo klasë e re energjetike e frigoriferit Midea është&nbsp;</span></span><span style=\"box-sizing: border-box; margin: 0px; padding: 0px;\">e barabartë me klasën e vjetër të energjisë A+</span><span style=\"box-sizing: border-box; margin: 0px; padding: 0px; vertical-align: inherit;\">&nbsp;, sipas etiketave të reja të energjisë të miratuara. në nivelin e Bashkimit Evropian.</span></span></p><p style=\"text-align: justify; box-sizing: border-box; font-family: Poppins, sans-serif; padding: 0px; color: rgb(34, 34, 34); font-size: 16px;\"><span style=\"font-weight: 700; text-align: left;\">Hapësirë ​​e madhe magazinimi</span><span style=\"font-weight: normal;\"><span style=\"box-sizing: border-box; margin: 0px; padding: 0px; vertical-align: inherit;\"><br></span></span></p><p style=\"text-align: justify; box-sizing: border-box; font-family: Poppins, sans-serif; padding: 0px; color: rgb(34, 34, 34); font-size: 16px;\"><span style=\"font-weight: 700; text-align: left;\">Dizajn elegant</span><span style=\"font-weight: 700; text-align: left;\"><br></span></p><p style=\"text-align: justify; box-sizing: border-box; font-family: Poppins, sans-serif; padding: 0px; color: rgb(34, 34, 34); font-size: 16px;\"><span style=\"font-weight: 700; text-align: left;\">Termostat i rregullueshëm</span><span style=\"font-weight: 700; text-align: left;\"><br></span></p><p style=\"text-align: justify; box-sizing: border-box; font-family: Poppins, sans-serif; padding: 0px; color: rgb(34, 34, 34); font-size: 16px;\"><span style=\"font-weight: 700; text-align: left;\">Zhurmë e ulët&nbsp;</span><span style=\"font-weight: 700; text-align: left;\"><br></span></p>', 'MIDEA.png', 'MIDEAA.png', '', 3, 'In Stock', '2023-02-06 13:04:23', NULL),
(95, 8, 23, 'FRIZ MIDEA 198L MDRC279FZF01CE 08/2', 'MIDEA', 299, 0, '<p style=\"text-align: justify; box-sizing: border-box; font-family: Poppins, sans-serif; padding: 0px; color: rgb(34, 34, 34); font-size: 16px;\"><span style=\"box-sizing: border-box; margin: 0px; padding: 0px; font-weight: bold;\">Freski maksimale, konsum minimal</span></p><p style=\"text-align: justify; box-sizing: border-box; font-family: Poppins, sans-serif; padding: 0px; color: rgb(34, 34, 34); font-size: 16px;\"><span style=\"font-weight: normal;\"><span style=\"box-sizing: border-box; margin: 0px; padding: 0px; vertical-align: inherit;\"><span style=\"box-sizing: border-box; margin: 0px; padding: 0px; vertical-align: inherit;\">Frizi Midea kombinon menaxhimin e hapësirës me performancën e lartë të ruajtjes.&nbsp;</span><span style=\"box-sizing: border-box; margin: 0px; padding: 0px; vertical-align: inherit;\">Është ideal për të mbajtur ushqimin të freskët, pa u shqetësuar për konsumin e lartë të energjisë elektrike, duke konsumuar më pak burime falë klasës së energjisë F. Kjo klasë e re energjetike e frigoriferit Midea është&nbsp;</span></span><span style=\"box-sizing: border-box; margin: 0px; padding: 0px;\">e barabartë me klasën e vjetër të energjisë A+</span><span style=\"box-sizing: border-box; margin: 0px; padding: 0px; vertical-align: inherit;\">&nbsp;, sipas etiketave të reja të energjisë të miratuara. në nivelin e Bashkimit Evropian.</span></span></p><p style=\"text-align: justify; box-sizing: border-box; font-family: Poppins, sans-serif; padding: 0px; color: rgb(34, 34, 34); font-size: 16px;\"><span style=\"font-weight: 700; text-align: left;\">Hapësirë ​​e madhe magazinimi</span><span style=\"font-weight: normal;\"><span style=\"box-sizing: border-box; margin: 0px; padding: 0px; vertical-align: inherit;\"><br></span></span></p><p style=\"text-align: justify; box-sizing: border-box; font-family: Poppins, sans-serif; padding: 0px; color: rgb(34, 34, 34); font-size: 16px;\"><span style=\"font-weight: 700; text-align: left;\">Dizajn elegant</span><span style=\"font-weight: 700; text-align: left;\"><br></span></p><p style=\"text-align: justify; box-sizing: border-box; font-family: Poppins, sans-serif; padding: 0px; color: rgb(34, 34, 34); font-size: 16px;\"><span style=\"font-weight: 700; text-align: left;\">Termostat i rregullueshëm</span><span style=\"font-weight: 700; text-align: left;\"><br></span></p><p style=\"text-align: justify; box-sizing: border-box; font-family: Poppins, sans-serif; padding: 0px; color: rgb(34, 34, 34); font-size: 16px;\"><span style=\"font-weight: 700; text-align: left;\">Zhurmë e ulët&nbsp;</span><span style=\"font-weight: 700; text-align: left;\"><br></span></p>', 'MIDEA.png', 'MIDEAA.png', '', 3, 'In Stock', '2023-02-06 13:08:47', NULL),
(96, 8, 23, 'FRIZ MIDEA 295L MDRC405FZF01CE', 'MIDEA', 349, 432, '<p style=\"box-sizing: border-box; text-align: justify; font-family: Poppins, sans-serif; padding: 0px; color: rgb(34, 34, 34); font-size: 16px;\"><span style=\"box-sizing: border-box; margin: 0px; padding: 0px; font-weight: bold;\">Freski maksimale, konsum minimal</span></p><p style=\"box-sizing: border-box; text-align: justify; font-family: Poppins, sans-serif; padding: 0px; color: rgb(34, 34, 34); font-size: 16px;\"><span style=\"box-sizing: border-box;\"><span style=\"box-sizing: border-box; margin: 0px; padding: 0px; vertical-align: inherit;\"><span style=\"box-sizing: border-box; margin: 0px; padding: 0px; vertical-align: inherit;\">Frizi Midea kombinon menaxhimin e hapësirës me performancën e lartë të ruajtjes.&nbsp;</span><span style=\"box-sizing: border-box; margin: 0px; padding: 0px; vertical-align: inherit;\">Është ideal për të mbajtur ushqimin të freskët, pa u shqetësuar për konsumin e lartë të energjisë elektrike, duke konsumuar më pak burime falë klasës së energjisë F. Kjo klasë e re energjetike e frigoriferit Midea është&nbsp;</span></span><span style=\"box-sizing: border-box; margin: 0px; padding: 0px;\">e barabartë me klasën e vjetër të energjisë A+</span><span style=\"box-sizing: border-box; margin: 0px; padding: 0px; vertical-align: inherit;\">&nbsp;, sipas etiketave të reja të energjisë të miratuara. në nivelin e Bashkimit Evropian.</span></span></p><p style=\"box-sizing: border-box; text-align: justify; font-family: Poppins, sans-serif; padding: 0px; color: rgb(34, 34, 34); font-size: 16px;\"><span style=\"box-sizing: border-box; font-weight: 700; text-align: left;\">Hapësirë ​​e madhe magazinimi</span><span style=\"box-sizing: border-box;\"><br style=\"box-sizing: border-box;\"></span></p><p style=\"box-sizing: border-box; text-align: justify; font-family: Poppins, sans-serif; padding: 0px; color: rgb(34, 34, 34); font-size: 16px;\"><span style=\"box-sizing: border-box; font-weight: 700; text-align: left;\">Dizajn elegant</span><span style=\"box-sizing: border-box; font-weight: 700; text-align: left;\"><br style=\"box-sizing: border-box;\"></span></p><p style=\"box-sizing: border-box; text-align: justify; font-family: Poppins, sans-serif; padding: 0px; color: rgb(34, 34, 34); font-size: 16px;\"><span style=\"box-sizing: border-box; font-weight: 700; text-align: left;\">Termostat i rregullueshëm</span><span style=\"box-sizing: border-box; font-weight: 700; text-align: left;\"><br style=\"box-sizing: border-box;\"></span></p><p style=\"box-sizing: border-box; text-align: justify; font-family: Poppins, sans-serif; padding: 0px; color: rgb(34, 34, 34); font-size: 16px;\"><span style=\"box-sizing: border-box; font-weight: 700; text-align: left;\">Zhurmë e ulët&nbsp;</span></p>', 'MIDEA.png', '36.png', 'MIDEAA.png', 2, 'In Stock', '2023-02-06 13:10:55', NULL),
(97, 8, 23, 'FRIZ INDESIT 100L OS 1A 100', 'INDESIT', 169, 219, '<p style=\"box-sizing: border-box; text-align: justify; font-family: Poppins, sans-serif; padding: 0px; color: rgb(34, 34, 34); font-size: 16px;\"><span style=\"box-sizing: border-box; margin: 0px; padding: 0px; font-weight: bold;\">Freski maksimale, konsum minimal</span></p><p style=\"box-sizing: border-box; text-align: justify; font-family: Poppins, sans-serif; padding: 0px; font-size: 16px;\"><span style=\"box-sizing: border-box; margin: 0px; padding: 0px; vertical-align: inherit;\"><span style=\"box-sizing: border-box; margin: 0px; padding: 0px; vertical-align: inherit;\"><font color=\"#555555\"><b>Frizi Indesit OS&nbsp;</b></font><font color=\"#222222\">kombinon menaxhimin e hapësirës me performancën e lartë të ruajtjes.&nbsp;</font></span><span style=\"color: rgb(34, 34, 34); box-sizing: border-box; margin: 0px; padding: 0px; vertical-align: inherit;\">Është ideal për të mbajtur ushqimin të freskët, pa u shqetësuar për konsumin e lartë të energjisë elektrike, duke konsumuar më pak burime falë klasës së energjisë F. Kjo klasë e re energjetike e frigoriferit Midea është&nbsp;</span></span><span style=\"color: rgb(34, 34, 34); box-sizing: border-box; margin: 0px; padding: 0px;\">e barabartë me klasën e vjetër të energjisë A+</span><span style=\"color: rgb(34, 34, 34); box-sizing: border-box; margin: 0px; padding: 0px; vertical-align: inherit;\">&nbsp;, sipas etiketave të reja të energjisë të miratuara. në nivelin e Bashkimit Evropian.</span></p><p style=\"box-sizing: border-box; text-align: justify; font-family: Poppins, sans-serif; padding: 0px; color: rgb(34, 34, 34); font-size: 16px;\"><span style=\"box-sizing: border-box; font-weight: 700; text-align: left;\">Hapësirë ​​e madhe magazinimi</span><span style=\"box-sizing: border-box;\"><br style=\"box-sizing: border-box;\"></span></p><p style=\"box-sizing: border-box; text-align: justify; font-family: Poppins, sans-serif; padding: 0px; color: rgb(34, 34, 34); font-size: 16px;\"><span style=\"box-sizing: border-box; font-weight: 700; text-align: left;\">Dizajn elegant</span><span style=\"box-sizing: border-box; font-weight: 700; text-align: left;\"><br style=\"box-sizing: border-box;\"></span></p><p style=\"box-sizing: border-box; text-align: justify; font-family: Poppins, sans-serif; padding: 0px; color: rgb(34, 34, 34); font-size: 16px;\"><span style=\"box-sizing: border-box; font-weight: 700; text-align: left;\">Termostat i rregullueshëm</span><span style=\"box-sizing: border-box; font-weight: 700; text-align: left;\"><br style=\"box-sizing: border-box;\"></span></p><p style=\"box-sizing: border-box; text-align: justify; font-family: Poppins, sans-serif; padding: 0px; color: rgb(34, 34, 34); font-size: 16px;\"><span style=\"box-sizing: border-box; font-weight: 700; text-align: left;\">Zhurmë e ulët&nbsp;</span></p>', 'i.jpg', 'ii.jpg', 'iii.jpg', 3, 'In Stock', '2023-02-06 13:17:53', NULL),
(98, 8, 23, 'FRIZ INDESIT 150L OS 1A 100', 'INDESIT', 190, 250, '<p style=\"box-sizing: border-box; text-align: justify; font-family: Poppins, sans-serif; padding: 0px; color: rgb(34, 34, 34); font-size: 16px;\"><span style=\"box-sizing: border-box; margin: 0px; padding: 0px; font-weight: bold;\">Freski maksimale, konsum minimal</span></p><p style=\"box-sizing: border-box; color: rgb(102, 102, 102); text-align: justify; font-family: Poppins, sans-serif; padding: 0px; font-size: 16px;\"><span style=\"box-sizing: border-box; margin: 0px; padding: 0px; vertical-align: inherit;\"><span style=\"box-sizing: border-box; margin: 0px; padding: 0px; vertical-align: inherit;\"><font color=\"#555555\" style=\"box-sizing: border-box;\"><span style=\"box-sizing: border-box; font-weight: 700;\">Frizi Indesit OS&nbsp;</span></font><font color=\"#222222\" style=\"box-sizing: border-box;\">kombinon menaxhimin e hapësirës me performancën e lartë të ruajtjes.&nbsp;</font></span><span style=\"box-sizing: border-box; color: rgb(34, 34, 34); margin: 0px; padding: 0px; vertical-align: inherit;\">Është ideal për të mbajtur ushqimin të freskët, pa u shqetësuar për konsumin e lartë të energjisë elektrike, duke konsumuar më pak burime falë klasës së energjisë F. Kjo klasë e re energjetike e frigoriferit Midea është&nbsp;</span></span><span style=\"box-sizing: border-box; color: rgb(34, 34, 34); margin: 0px; padding: 0px;\">e barabartë me klasën e vjetër të energjisë A+</span><span style=\"box-sizing: border-box; color: rgb(34, 34, 34); margin: 0px; padding: 0px; vertical-align: inherit;\">&nbsp;, sipas etiketave të reja të energjisë të miratuara. në nivelin e Bashkimit Evropian.</span></p><p style=\"box-sizing: border-box; text-align: justify; font-family: Poppins, sans-serif; padding: 0px; color: rgb(34, 34, 34); font-size: 16px;\"><span style=\"box-sizing: border-box; font-weight: 700; text-align: left;\">Hapësirë ​​e madhe magazinimi</span><span style=\"box-sizing: border-box;\"><br style=\"box-sizing: border-box;\"></span></p><p style=\"box-sizing: border-box; text-align: justify; font-family: Poppins, sans-serif; padding: 0px; color: rgb(34, 34, 34); font-size: 16px;\"><span style=\"box-sizing: border-box; font-weight: 700; text-align: left;\">Dizajn elegant</span><span style=\"box-sizing: border-box; font-weight: 700; text-align: left;\"><br style=\"box-sizing: border-box;\"></span></p><p style=\"box-sizing: border-box; text-align: justify; font-family: Poppins, sans-serif; padding: 0px; color: rgb(34, 34, 34); font-size: 16px;\"><span style=\"box-sizing: border-box; font-weight: 700; text-align: left;\">Termostat i rregullueshëm</span><span style=\"box-sizing: border-box; font-weight: 700; text-align: left;\"><br style=\"box-sizing: border-box;\"></span></p><p style=\"box-sizing: border-box; text-align: justify; font-family: Poppins, sans-serif; padding: 0px; color: rgb(34, 34, 34); font-size: 16px;\"><span style=\"box-sizing: border-box; font-weight: 700; text-align: left;\">Zhurmë e ulët&nbsp;</span></p>', 'i.jpg', 'ii.jpg', 'iii.jpg', 2, 'In Stock', '2023-02-06 13:20:21', NULL),
(99, 8, 23, 'FRIZ INDESIT 200L OS 1A 100', 'INDESIT', 250, 300, '<p style=\"box-sizing: border-box; text-align: justify; font-family: Poppins, sans-serif; padding: 0px; color: rgb(34, 34, 34); font-size: 16px;\"><span style=\"box-sizing: border-box; margin: 0px; padding: 0px; font-weight: bold;\">Freski maksimale, konsum minimal</span></p><p style=\"box-sizing: border-box; color: rgb(102, 102, 102); text-align: justify; font-family: Poppins, sans-serif; padding: 0px; font-size: 16px;\"><span style=\"box-sizing: border-box; margin: 0px; padding: 0px; vertical-align: inherit;\"><span style=\"box-sizing: border-box; margin: 0px; padding: 0px; vertical-align: inherit;\"><font color=\"#555555\" style=\"box-sizing: border-box;\"><span style=\"box-sizing: border-box; font-weight: 700;\">Frizi Indesit OS&nbsp;</span></font><font color=\"#222222\" style=\"box-sizing: border-box;\">kombinon menaxhimin e hapësirës me performancën e lartë të ruajtjes.&nbsp;</font></span><span style=\"box-sizing: border-box; color: rgb(34, 34, 34); margin: 0px; padding: 0px; vertical-align: inherit;\">Është ideal për të mbajtur ushqimin të freskët, pa u shqetësuar për konsumin e lartë të energjisë elektrike, duke konsumuar më pak burime falë klasës së energjisë F. Kjo klasë e re energjetike e frigoriferit Midea është&nbsp;</span></span><span style=\"box-sizing: border-box; color: rgb(34, 34, 34); margin: 0px; padding: 0px;\">e barabartë me klasën e vjetër të energjisë A+</span><span style=\"box-sizing: border-box; color: rgb(34, 34, 34); margin: 0px; padding: 0px; vertical-align: inherit;\">&nbsp;, sipas etiketave të reja të energjisë të miratuara. në nivelin e Bashkimit Evropian.</span></p><p style=\"box-sizing: border-box; text-align: justify; font-family: Poppins, sans-serif; padding: 0px; color: rgb(34, 34, 34); font-size: 16px;\"><span style=\"box-sizing: border-box; font-weight: 700; text-align: left;\">Hapësirë ​​e madhe magazinimi</span><span style=\"box-sizing: border-box;\"><br style=\"box-sizing: border-box;\"></span></p><p style=\"box-sizing: border-box; text-align: justify; font-family: Poppins, sans-serif; padding: 0px; color: rgb(34, 34, 34); font-size: 16px;\"><span style=\"box-sizing: border-box; font-weight: 700; text-align: left;\">Dizajn elegant</span><span style=\"box-sizing: border-box; font-weight: 700; text-align: left;\"><br style=\"box-sizing: border-box;\"></span></p><p style=\"box-sizing: border-box; text-align: justify; font-family: Poppins, sans-serif; padding: 0px; color: rgb(34, 34, 34); font-size: 16px;\"><span style=\"box-sizing: border-box; font-weight: 700; text-align: left;\">Termostat i rregullueshëm</span><span style=\"box-sizing: border-box; font-weight: 700; text-align: left;\"><br style=\"box-sizing: border-box;\"></span></p><p style=\"box-sizing: border-box; text-align: justify; font-family: Poppins, sans-serif; padding: 0px; color: rgb(34, 34, 34); font-size: 16px;\"><span style=\"box-sizing: border-box; font-weight: 700; text-align: left;\">Zhurmë e ulët&nbsp;</span></p>', 'i.jpg', 'ii.jpg', 'iii.jpg', 3, 'In Stock', '2023-02-06 13:21:25', NULL),
(100, 8, 23, 'FRIZ INDESIT 200L OS 1A 100', 'INDESIT', 250, 300, '<p style=\"box-sizing: border-box; text-align: justify; font-family: Poppins, sans-serif; padding: 0px; color: rgb(34, 34, 34); font-size: 16px;\"><span style=\"box-sizing: border-box; margin: 0px; padding: 0px; font-weight: bold;\">Freski maksimale, konsum minimal</span></p><p style=\"box-sizing: border-box; color: rgb(102, 102, 102); text-align: justify; font-family: Poppins, sans-serif; padding: 0px; font-size: 16px;\"><span style=\"box-sizing: border-box; margin: 0px; padding: 0px; vertical-align: inherit;\"><span style=\"box-sizing: border-box; margin: 0px; padding: 0px; vertical-align: inherit;\"><font color=\"#555555\" style=\"box-sizing: border-box;\"><span style=\"box-sizing: border-box; font-weight: 700;\">Frizi Indesit OS&nbsp;</span></font><font color=\"#222222\" style=\"box-sizing: border-box;\">kombinon menaxhimin e hapësirës me performancën e lartë të ruajtjes.&nbsp;</font></span><span style=\"box-sizing: border-box; color: rgb(34, 34, 34); margin: 0px; padding: 0px; vertical-align: inherit;\">Është ideal për të mbajtur ushqimin të freskët, pa u shqetësuar për konsumin e lartë të energjisë elektrike, duke konsumuar më pak burime falë klasës së energjisë F. Kjo klasë e re energjetike e frigoriferit Midea është&nbsp;</span></span><span style=\"box-sizing: border-box; color: rgb(34, 34, 34); margin: 0px; padding: 0px;\">e barabartë me klasën e vjetër të energjisë A+</span><span style=\"box-sizing: border-box; color: rgb(34, 34, 34); margin: 0px; padding: 0px; vertical-align: inherit;\">&nbsp;, sipas etiketave të reja të energjisë të miratuara. në nivelin e Bashkimit Evropian.</span></p><p style=\"box-sizing: border-box; text-align: justify; font-family: Poppins, sans-serif; padding: 0px; color: rgb(34, 34, 34); font-size: 16px;\"><span style=\"box-sizing: border-box; font-weight: 700; text-align: left;\">Hapësirë ​​e madhe magazinimi</span><span style=\"box-sizing: border-box;\"><br style=\"box-sizing: border-box;\"></span></p><p style=\"box-sizing: border-box; text-align: justify; font-family: Poppins, sans-serif; padding: 0px; color: rgb(34, 34, 34); font-size: 16px;\"><span style=\"box-sizing: border-box; font-weight: 700; text-align: left;\">Dizajn elegant</span><span style=\"box-sizing: border-box; font-weight: 700; text-align: left;\"><br style=\"box-sizing: border-box;\"></span></p><p style=\"box-sizing: border-box; text-align: justify; font-family: Poppins, sans-serif; padding: 0px; color: rgb(34, 34, 34); font-size: 16px;\"><span style=\"box-sizing: border-box; font-weight: 700; text-align: left;\">Termostat i rregullueshëm</span><span style=\"box-sizing: border-box; font-weight: 700; text-align: left;\"><br style=\"box-sizing: border-box;\"></span></p><p style=\"box-sizing: border-box; text-align: justify; font-family: Poppins, sans-serif; padding: 0px; color: rgb(34, 34, 34); font-size: 16px;\"><span style=\"box-sizing: border-box; font-weight: 700; text-align: left;\">Zhurmë e ulët&nbsp;</span></p>', 'i.jpg', 'ii.jpg', 'iii.jpg', 3, 'In Stock', '2023-02-06 13:23:54', NULL),
(101, 7, 16, 'TABLET LENOVO TB-X505F 10.1\" | QUAD CORE 2.0GHZ 2GB RAM 32 GB MEMORY', 'Lenovo', 199, 250, '<font size=\"3\"><span style=\"box-sizing: border-box; font-family: Poppins, sans-serif; margin: 0px; padding: 0px; color: rgb(51, 51, 51); vertical-align: inherit;\">Lenovo Tab M10 është një tabletë mbresëlënëse familjare.&nbsp;</span><span style=\"box-sizing: border-box; font-family: Poppins, sans-serif; margin: 0px; padding: 0px; color: rgb(51, 51, 51); vertical-align: inherit;\">Një ekran FHD dhe altoparlantë të dyfishtë përpara japin argëtim gjithëpërfshirës - dhe e gjitha është e mbushur në një profil jashtëzakonisht të hollë dhe të lehtë.&nbsp;</span><span style=\"box-sizing: border-box; font-family: Poppins, sans-serif; margin: 0px; padding: 0px; color: rgb(51, 51, 51); vertical-align: inherit;\">Shtoni Paketën Opsionale të Fëmijëve në mënyrë që fëmijët tuaj ta përdorin atë pa shqetësime - ky është një tablet që do të dëshironi ta ndani.</span></font><div><span style=\"box-sizing: border-box; font-family: Poppins, sans-serif; margin: 0px; padding: 0px; color: rgb(85, 85, 85); font-size: 16px; vertical-align: inherit;\">Me vetëm 8.1 mm të hollë dhe 480 g, Tab M10 është një kënaqësi për tu mbajtur dhe përshtatet lehtësisht në çantën ose çantën tuaj të shpinës.&nbsp;</span><span style=\"box-sizing: border-box; font-family: Poppins, sans-serif; margin: 0px; padding: 0px; color: rgb(85, 85, 85); font-size: 16px; vertical-align: inherit;\">Builtshtë ndërtuar për tu marrë kudo pa ju rënduar.</span><font size=\"3\"><span style=\"box-sizing: border-box; font-family: Poppins, sans-serif; margin: 0px; padding: 0px; color: rgb(51, 51, 51); vertical-align: inherit;\"><br></span></font></div>', 't.jpeg', 't1.jpeg', 't2.jpeg', 5, 'In Stock', '2023-02-06 13:46:09', NULL),
(102, 7, 16, 'TABLET SAMSUNG S8+ X800 WIFI 12.4\" | 8 RAM 128GB MEMORY GREY', 'Samsung ', 949, 1000, '<p><span style=\"color: rgb(0, 0, 0); font-family: SamsungOne;\"><font size=\"3\">I disponueshëm në tre modele të ndryshme. Galaxy Tab S8 ka një ekran LCD 11 \", ndërsa Galaxy Tab S8 + ka një ekran sAMOLED më të madh 12,4\". Galaxy Tab S8 Ultra vendos një standard të ri epik për tabletët me një ekran sAMOLED 14,6\".</font></span><span style=\"color: rgb(0, 0, 0); font-family: SamsungOne;\"><font size=\"3\">Kamera e përparme e dyfishtë (Ultra Wide+Wide) krenohet me një fushë shikimi m</font></span><span style=\"color: rgb(0, 0, 0); font-family: SamsungOne; font-size: medium;\">bresëlënëse që mundëson një regjistrim optimal të videove 4K.</span><span style=\"color: rgb(0, 0, 0); font-family: SamsungOne; font-size: medium; text-align: center;\">Pavarësisht se cilën madhësi tableti zgjedh, S Pen krejt i ri është i përfshirë.Shkruani, skiconi, vizatoni dhe ktheni idetë tuaja më të çmendura në realitet me S Pen me vonesë jashtëzakonisht të ulët.</span></p>', '90.png', '91.png', 't3.jpeg', 3, 'In Stock', '2023-02-06 13:55:09', NULL),
(106, 7, 18, 'PROJEKTOR MINI VIEWSONIC VP VS18039 | 500:1 CONTRAST WVGA(854X480)', 'VIEWSONIC', 299, 0, '<span style=\"color: rgb(33, 37, 41); font-family: Poppins, sans-serif;\"><font size=\"3\">PROJEKTOR MINI VIEWSONIC VP VS18039 | 500:1 contrast WVGA(854x480),&nbsp;</font></span><span style=\"color: rgb(33, 37, 41); font-family: Poppins, sans-serif; font-size: 16px;\">USB Type-C për rimbushje më të shpejtë dhe më të lehtë.</span><br><div><span style=\"color: rgb(33, 37, 41); font-family: Poppins, sans-serif; font-size: 16px;\">Full HD - 1920 x 1080</span><span style=\"color: rgb(33, 37, 41); font-family: Poppins, sans-serif; font-size: 16px;\"><br></span></div>', 'projektooor.png', 'projektor.png', 'projektorii.png', 3, 'In Stock', '2023-02-06 14:27:06', NULL),
(107, 7, 18, 'PROJEKTOR ACER VP X1127I | 4000 LM 6000H', 'Acer ', 449, 0, '<span style=\"color: rgb(33, 37, 41); font-family: Poppins, sans-serif; font-size: 16px;\">PROJEKTOR ACER VP X1127i | 4000 lm 6000H.</span><br><div><span style=\"color: rgb(33, 37, 41); font-family: Poppins, sans-serif; font-size: 16px;\">Rezolucion&nbsp;</span><span style=\"color: rgb(33, 37, 41); font-family: Poppins, sans-serif; font-size: 16px;\">800 x 600, maksimumi deri në 1920 x 1200.</span><br></div><div><span style=\"color: rgb(33, 37, 41); font-family: Poppins, sans-serif; font-size: 16px;\">Jeta e llambës në modalitetit normal: 6000 orë, Jeta e llambës në modalitetin ekonomik 10000 orë, Jeta e llambës në modalitetin ExtremeEco 15000 orë</span><span style=\"color: rgb(33, 37, 41); font-family: Poppins, sans-serif; font-size: 16px;\"><br></span></div>', 'Proj.png', 'proo.png', 'prooo.png', 3, 'In Stock', '2023-02-06 14:30:36', NULL),
(108, 7, 18, 'PROJEKTOR VIEWSONIC PA503S | 3600LM 4500HRS WHITE', 'VIEWSONIC', 389, 432, '<span style=\"color: rgb(33, 37, 41); font-family: Poppins, sans-serif; font-size: 16px;\">PROJEKTOR VIEWSONIC PA503S | 3600LM 4500HRS WHITE.</span><div><div><div><span style=\"color: rgb(33, 37, 41); font-family: Poppins, sans-serif; font-size: 16px;\">Rezolucioni : 800 x 600, maksimumi deri në 1920 x 1200.</span><br></div></div></div><div><span style=\"color: rgb(33, 37, 41); font-family: Poppins, sans-serif; font-size: 16px;\">Jetëgjatësia në modalitetin normal: 5000 orë, Jetëgjatësia në modalitetin SuperEco: 15000 orë.</span><span style=\"color: rgb(33, 37, 41); font-family: Poppins, sans-serif; font-size: 16px;\"><br></span></div><div><span style=\"color: rgb(33, 37, 41); font-family: Poppins, sans-serif; font-size: 16px;\"><br></span></div><br>', 'w.png', 'ww.png', 'www.png', 2, 'In Stock', '2023-02-06 14:34:15', NULL),
(109, 7, 14, 'SWITCH TP-LINK LS1005 | 5 PORTS 10/100MBPS', 'TP-LINK', 16, 20, '<p><span style=\"color: rgb(34, 34, 34); white-space: pre-wrap; background-color: rgb(248, 249, 250);\"><font size=\"3\" style=\"\" face=\"arial\">Portat RJ45 Automatike të Negocimit 5 × 10 / 100Mbos, që mbështesin Auto-MDI / MDIX Teknologjia e gjelbër Ethernet kursen konsumin e energjisë Kontrolli i rrjedhës IEEE 802.3X siguron transferim të besueshëm të të dhënave Plastike dhe dizajn desktop Plug dhe play, nuk kërkohet konfigurim Dizajni pa ventilator siguron funksionim të qetë</font></span></p>', 'tpl.jpeg', 'tpl1.jpeg', '', 1, 'In Stock', '2023-02-07 09:03:06', NULL),
(110, 7, 14, 'WIRELESS ROUTER TP-LINK AC1200 | 1.2 GHZ FULL GIGABIT PORT', 'TP-LINK', 49, 0, '<font size=\"3\"><span style=\"color: rgb(33, 37, 41); font-family: Poppins, sans-serif;\"><b>WIRELESS ROUTER TP-LINK AC1200 | 1.2 GHz FULL GIGABIT PORT.</b></span><br></font><div><font size=\"3\"><span style=\"color: rgb(33, 37, 41); font-family: Poppins, sans-serif;\">AC1200, 5 GHz: 867 Mbps (802.11ac), 2.4 GHz: 300 Mbps (802.11n).</span></font></div><div><font size=\"3\"><span style=\"color: rgb(33, 37, 41); font-family: Poppins, sans-serif;\">3 antena të jashtme.</span><span style=\"color: rgb(33, 37, 41); font-family: Poppins, sans-serif;\"><br></span></font></div><div><font size=\"3\"><span style=\"color: rgb(33, 37, 41); font-family: Poppins, sans-serif;\">Portet&nbsp;</span><span style=\"color: rgb(33, 37, 41); font-family: Poppins, sans-serif;\">1 x Gigabit Wan Port, 4 x Gigabit Lan Porte, 1 x USB 2.0 Port</span></font></div>', 'z.png', 'z1.png', 'z2.png', 2, 'In Stock', '2023-02-07 09:06:55', NULL),
(111, 7, 14, 'WIRELESS ROUTER XIAOMI MI ALOT AX3600 | 3GIGABIT DUAL BAND 5GHZ 2976MBPS 248 DEVICES', 'XIAOMI', 129, 0, '<span style=\"box-sizing: inherit; font-family: Poppins, sans-serif; margin: 0px; padding: 0px; color: rgb(46, 46, 46); font-size: 16px; vertical-align: inherit;\"><b>Routeri Mi AIoT AX3600 </b>ofron dy grupe prej 2.4 GHz dhe 5 GHz, secila me teknologji 802.11ac dhe pa ndërhyrje.&nbsp;</span><span style=\"box-sizing: inherit; font-family: Poppins, sans-serif; margin: 0px; padding: 0px; color: rgb(46, 46, 46); font-size: 16px; vertical-align: inherit;\">Të dy brezat ofrojnë shpejtësi të kombinuar pa tel me bandë të dyfishtë deri në 2976 Mbps.&nbsp;</span><span style=\"box-sizing: inherit; font-family: Poppins, sans-serif; margin: 0px; padding: 0px; color: rgb(46, 46, 46); font-size: 16px; vertical-align: inherit;\">Brezi i frekuencës 2.4 GHz përmban një transmetim më të gjatë për një mbulim më të mirë dhe performancë më të mirë të depërtimit të murit.&nbsp;</span><span style=\"box-sizing: inherit; font-family: Poppins, sans-serif; margin: 0px; padding: 0px; color: rgb(46, 46, 46); font-size: 16px; vertical-align: inherit;\">Brezi i frekuencës 5 GHz siguron shpejtësi të lartë për riprodhim të qetë të videos HD dhe një përvojë më të butë të lojrave në internet.</span><div><span style=\"box-sizing: inherit; font-family: Poppins, sans-serif; margin: 0px; padding: 0px; color: rgb(46, 46, 46); font-size: 16px; vertical-align: inherit;\">Dy dhe katër përforcues të sinjalit të jashtëm me performancë të lartë (PA dhe LNA) janë instaluar përkatësisht në brezat 2.4 GHz dhe 5 GHz.&nbsp;</span><span style=\"box-sizing: inherit; font-family: Poppins, sans-serif; margin: 0px; padding: 0px; color: rgb(46, 46, 46); font-size: 16px; vertical-align: inherit;\">PA (përforcuesi i energjisë) në mënyrë efektive rrit fuqinë e transmetimit të sinjalit, duke lejuar routerin të transmetojë sinjale më tej dhe më të fortë përmes mureve.&nbsp;</span><span style=\"box-sizing: inherit; font-family: Poppins, sans-serif; margin: 0px; padding: 0px; color: rgb(46, 46, 46); font-size: 16px; vertical-align: inherit;\">LNA (Amplifikatori i Zhurmës së Gjuetisë) rrit ndjeshmërinë e marrjes së sinjalit, duke lejuar që router-i të marrë një sinjal më të dobët nga një distancë.</span></div><div><span style=\"color: rgb(46, 46, 46); font-family: Poppins, sans-serif; font-size: 16px; font-weight: 700;\">512 MB memorie - aftësia për të lidhur deri në 248 pajisje në të njëjtën kohë.</span></div>', '4.jpg', '4.1.jpg', '4.2.jpg', 3, 'In Stock', '2023-02-07 09:13:36', NULL),
(112, 7, 14, ' RANGE EXTENDER TP-LINK TL-WA855RE | DUAL BAND 2.4GHZ 300MBPS', 'TP-LINK', 25, 31, '<span style=\"color: rgb(33, 37, 41); font-family: Poppins, sans-serif; font-size: 16px;\">RANGE EXTENDER TP-LINK TL-WA855RE | DUAL BAND 2.4GHZ 300MBPS</span><br><div><span style=\"color: rgb(33, 37, 41); font-family: Poppins, sans-serif; font-size: 16px;\">Range extender me një standard </span><span style=\"color: rgb(33, 37, 41); font-family: Poppins, sans-serif; font-size: 16px;\">Wi-Fi 4 (802.11n), dhe shpejtësi të wirelesit deri në&nbsp;</span><span style=\"color: rgb(33, 37, 41); font-family: Poppins, sans-serif; font-size: 16px;\">&nbsp;</span><span style=\"color: rgb(33, 37, 41); font-family: Poppins, sans-serif; font-size: 16px;\">300 Mbps. Gjithashtu përmban portin 1 x LAN.</span></div><div><span style=\"color: rgb(33, 37, 41); font-family: Poppins, sans-serif; font-size: 16px;\"><br></span></div>', '7.png', '77.png', '777.png', 4, 'In Stock', '2023-02-07 09:27:05', NULL),
(115, 7, 14, 'WIRELESS ROUTER TP-LINK TL-WR840N | 2.4GHZ 300MBPS', 'TP-LINK', 19, 0, '<p><span style=\"color: rgb(34, 34, 34); font-size: large; text-align: justify;\">WIRELESS ROUTER TP-LINK TL-WR840N | 2.4GHZ 300MBPS.</span><br></p><p style=\"text-align: justify;\"><span style=\"color: rgb(34, 34, 34); font-family: &quot;inherit&quot;, &quot;serif&quot;; text-align: justify; background-color: rgb(248, 249, 250);\"><font size=\"4\">Shkalla e transmetimit pa tel 300Mbps ideal për detyra të ndjeshme në gjerësi bande dhe punë themelore.</font></span></p><p style=\"text-align: justify;\"><span style=\"color: rgb(34, 34, 34); font-family: &quot;inherit&quot;, &quot;serif&quot;; text-align: justify; background-color: rgb(248, 249, 250);\"><font size=\"4\">IPTV mbështet IGMP Proxy / Snooping, Bridge, dhe Tag Vlan.</font></span></p><p style=\"text-align: justify;\"><span style=\"color: rgb(34, 34, 34); font-family: &quot;inherit&quot;, &quot;serif&quot;; text-align: justify; background-color: rgb(248, 249, 250);\"><font size=\"4\">Protokolli i internetit IPv6.</font></span></p><p><span style=\"color: rgb(34, 34, 34); font-family: &quot;inherit&quot;, &quot;serif&quot;; text-align: justify; background-color: rgb(248, 249, 250);\"><font size=\"4\"><br></font></span></p>', 'a2.jpeg', 'a22.jpeg', '', 3, 'In Stock', '2023-02-07 10:13:03', NULL),
(116, 7, 14, ' USB WIRELESS TP-LINK TL-WN725N | 150MBPS', 'TP-LINK', 10, 0, '<span style=\"color: rgb(34, 34, 34); white-space: pre-wrap; background-color: rgb(248, 249, 250);\"><font face=\"arial\" style=\"\" size=\"3\">Dizajn i hijshëm në miniaturë aq i vogël sa të futet në rrjet, mund të lihet në portën USB të një Laptopi Transmetim i shpejtë pa tel me deri në 150Mbps ideal për transmetim video ose thirrje në internet * Siguria e përparuar: Mbështet 64/128 WEP, WPA, PA2 / WPA-PSK / WPA2-PSK (TKIP / AES) Lidheni në asnjë kohë me programin e instalimit të lehtë në 14 gjuhë Windows 10 / 8.1 / 8/7 / XP, Mac OS X, Linux **</font></span><br>', '20.jpeg', '200.jpeg', '', 3, 'In Stock', '2023-02-07 10:16:07', NULL),
(117, 7, 14, 'MERCUSYS ADAPTER N150 WIRELESS NANO USB ADAPTER USB 2.0 150 MBPS', 'Mercusys', 8, 10, '<div><b>MERCUSYS ADAPTER N150 WIRELESS NANO USB ADAPTER USB 2.0 150 MBPS.</b><br></div><div><b>Standardi : IEEE 802.11n</b></div><div><b>Shpejtësia deri 150 Mbps</b></div>', 'usb.png', 'usbb.png', 'usbbb.png', 3, 'In Stock', '2023-02-07 10:18:43', NULL),
(118, 7, 14, ' RANGE EXTENDER TP-LINK TL-WA854RE | DUAL BAND 2.4GHZ 300MBPS', 'TP-LINK', 25, 0, '<span style=\"color: rgb(33, 37, 41); font-family: Poppins, sans-serif; font-size: 16px;\">RANGE EXTENDER TP-LINK TL-WA854RE | DUAL BAND 2.4GHZ 300MBPS.</span><br><div><span style=\"color: rgb(33, 37, 41); font-family: Poppins, sans-serif; font-size: 16px;\">Standardi: IEEE 802.11n, IEEE 802.11g, IEEE 802.11b</span><span style=\"color: rgb(33, 37, 41); font-family: Poppins, sans-serif; font-size: 16px;\"><br></span></div>', '7.png', '77.png', '777.png', 3, 'In Stock', '2023-02-07 10:23:30', NULL),
(119, 8, 19, ' RROBALARËSE HUGO WM-8100 8KG 1000 RPM', ' HUGO', 290, 350, '<span style=\"color: rgb(90, 104, 112); font-family: &quot;Neue Helvetica W02&quot;, Arial, Helvetica, sans-serif; font-size: 14px;\">Teknologjia<b> HUGO</b> bën të sigurt që çdo lloj pëlhure të lahet në mënyrën më të mirë të mundshme. Kjo është gjithmonë kombinim optimal i temperaturës, sasisë së ujit, kohës dhe shpejtësisë së shtrydhjes. Nëse rrobat tuaja kanë nevojë për një përkujdesje më të veçantë, larja e të pambuktave dhe rrobave me fibra sintetike mund të optimohet me mënyra dhe funksione shtesë. NormalCare bën kombinimin optimal të katër parametrave për çdo ngarkesë rrobash; TimeCare redukton kohën larjes; AllergyCare përdor më shumë ujë dhe shtrydhje shtesë; dhe EcoCare shfrytëzon energjinë me më shumë efektivitet.</span><br>', 'hu.jpeg', 'ee.png', '100.png', 3, 'In Stock', '2023-02-07 10:26:36', NULL),
(120, 8, 19, 'RROBALARËSE SAMSUNG WW80TA026AE1LE 8KG 1200PRM', 'SAMSUNG ', 399, 479, '<span style=\"color: rgb(90, 104, 112); font-family: &quot;Neue Helvetica W02&quot;, Arial, Helvetica, sans-serif; font-size: 14px;\">Teknologjia Samsung bën të sigurt që çdo lloj pëlhure të lahet në mënyrën më të mirë të mundshme, dhe të thahet në mënyrë briliante. Kjo është gjithmonë kombinim optimal i temperaturës, sasisë së ujit, kohës dhe shpejtësisë së shtrydhjes. Nëse rrobat tuaja kanë nevojë për një përkujdesje më të veçantë, larja e të pambuktave dhe rrobave me fibra sintetike mund të optimohet me mënyra dhe funksione shtesë. NormalCare bën kombinimin optimal të katër parametrave për çdo ngarkesë rrobash; TimeCare redukton kohën larjes; AllergyCare përdor më shumë ujë dhe shtrydhje shtesë; dhe EcoCare shfrytëzon energjinë me më shumë efektivitet.</span>', '6.jpeg', '66.jpeg', '666.jpeg', 3, 'In Stock', '2023-02-07 10:33:05', NULL),
(121, 8, 19, 'RROBALARËSE WHIRLPOOL FWSG 71283 BV EE N', 'WHIRPOOL', 419, 500, '<span style=\"color: rgb(90, 104, 112); font-family: &quot;Neue Helvetica W02&quot;, Arial, Helvetica, sans-serif; font-size: 14px;\">Teknologjia WHIRPOOL bën të sigurt që çdo lloj pëlhure të lahet në mënyrën më të mirë të mundshme, dhe të thahet në mënyrë briliante. Kjo është gjithmonë kombinim optimal i temperaturës, sasisë së ujit, kohës dhe shpejtësisë së shtrydhjes. Nëse rrobat tuaja kanë nevojë për një përkujdesje më të veçantë, larja e të pambuktave dhe rrobave me fibra sintetike mund të optimohet me mënyra dhe funksione shtesë. NormalCare bën kombinimin optimal të katër parametrave për çdo ngarkesë rrobash; TimeCare redukton kohën larjes; AllergyCare përdor më shumë ujë dhe shtrydhje shtesë; dhe EcoCare shfrytëzon energjinë me më shumë efektivitet.</span><br>', 'wh.png', 'whh.jpeg', 'whhh.png', 3, 'In Stock', '2023-02-07 10:36:24', NULL),
(122, 7, 15, 'Kompjuter HP Desktop M01-F2003nc, Intel Core i5, 16GB RAM, 512GB SSD, Intel UHD Graphics, i zi', 'hp', 838, 900, '<span style=\"color: rgb(28, 28, 28); font-family: Roboto, sans-serif; letter-spacing: -0.2px;\">Një kompjuter personal i krijuar në mënyrë elegante nga seria HP Desktop M01, i cili përfshin një procesor Intel Core i5-12400 me 6 bërthama (4 bërthama P 2.5/4.4 GHz, 12 threads, 18 MB). Procesori plotësohet gjithashtu me 16 GB memorie operative DDR4 (në një slot / 1 slot i lirë). Ekrani trajtohet nga karta grafike Intel UHD Graphics. Një hard disk 512 GB PCIe NVMe M.2 është gati për të dhënat e përdoruesit. Pajisja përbëhet nga një tastierë dhe maus USB, një furnizim me energji 310 W. Lidhja me rrjetin sigurohet nga wireless Wi-Fi ac dhe ka edhe Bluetooth 5.0. Ofrohen gjithashtu ndërfaqe GLAN, VGA, HDMI, 1x përshtatës HP Serial Port, 8x USB (4x 2.0, 4x 3.0). Kompjuteri vjen me sistemin operativ Windows 11 Home</span><br>', '0.jpg', '00.jpg', '000.jpg', 3, 'In Stock', '2023-02-07 13:47:49', NULL),
(123, 7, 15, 'Monitor Dell UltraSharp U3219Q - LED 32\" (81cm), 4K UHD, i zi / argjendë', 'Dell', 1065, 1100, '<span style=\"color: rgb(28, 28, 28); font-family: Roboto, sans-serif; letter-spacing: -0.2px;\">Ky ekran 31.5 inch me rezolucion 4K nga kompania DELL mbështet teknologjinë IPS me kënd të gjerë. Kompania Dell nuk siguron vetëm besueshmërinë por edhe kualitetin më të lartë në produktet e veta, me dizajnet e shkëlqyera. Ky ekran mbështet të gjitha standardet e nevojshme. Ekrani ka rezolucion 840x2160 piksela 4K, 16: 9 , 1,300. Këndi i shikimit është 178 shkallë. Ka drita LED, shkëlqim 400cd / m2, kohë tëpërgjegjjes 8ms. Ai përmban edhe porte HDMI, DP, Lidhës për audio, USB 4x USB dhe USB-C.</span><br>', 'd.jpg', 'dd.jpg', 'ddd.jpg', 4, 'In Stock', '2023-02-07 13:52:05', NULL),
(124, 7, 15, 'Monitor Samsung C24F396F - LED 24\" (60cm), Full HD, i zi', 'SAMSUNG ', 179, 250, '<p style=\"-webkit-tap-highlight-color: transparent; color: rgb(28, 28, 28); font-family: Roboto, sans-serif; letter-spacing: -0.2px; margin-bottom: 0px; padding: 6px 0px;\">Monitori i fuqishëm Samsung C24F396F- LED vjen i lakuar në 1800R, me diagonale 24\' (60cm), kualitet HD dhe rezolucion 1920 x 1080 piksel. Gjithashtu, ky laptop është i pajisur me panelin vertikal VA i cili e parandalon dritën e pasme më shumë se panelët IPS, kohë të shpejtë reagimi prej 4ms, kënd të shikimit 178 °, HDMI, teknologjitë FreeSync dhe Flicker-Free, si dhe bardhësi 250 cd/ m2.</p><p style=\"-webkit-tap-highlight-color: transparent; color: rgb(28, 28, 28); font-family: Roboto, sans-serif; letter-spacing: -0.2px; margin-bottom: 0px; padding: 6px 0px;\">Produkti vjen me dimensione 548 x 424 x 219 mm, peshë 3.3 kg dhe ngjyrë të zezë.</p>', 's.jpg', 'ss.jpg', 'ssss.jpg', 3, 'In Stock', '2023-02-07 13:55:18', NULL),
(125, 7, 15, 'Monitor Philips 273V7QDAB - LED 27 \"', 'Philips', 189, 0, '<span style=\"color: rgb(28, 28, 28); font-family: Roboto, sans-serif; letter-spacing: -0.2px;\">Philips 273V7QDAB është një monitor LCD me ekran të plotë 27 \"me mbështetje IPS me kend te gjere shikimi, SmartContrast për detajet e zeza dhe SmartImage për një rregullim të performancës së ekranit. Natyrisht, ky ekran përfshin gjithashtu një sërë lidhje, mundësi rrokullisje dhe mbështetje për modalitetet Flicker-Free dhe LowBlue. 27 \"Full HD 1920 x 1080 px LCD Monitor me Mbështetje IPS, SmartContrast dhe SmartImage për Easy Image Optimization dhe Flicker-Free dhe LowBlue për reduktimin e ndjeshëm të dritës Blu dhe syrit në punë në monitor. Mbështetësi standard VESA 100 x 100 mm Kyçja Kensington, konektorët 2x 2W të integruar Monitoruesi është një produkt miqësor me mjedisin Një ndërfaqe e monitoruar mund të vihet në mes të -5 ° / 20 ° Ndërfaqja e monitorit: VGA, DVI-D, (EnergyStar 7.0, EPEAT Silver, RoHS, pa merkur dhe pa plumb).</span><br>', 'a.jpg', 'aa.jpg', 'aaa.jpg', 2, 'Out of Stock', '2023-02-07 13:59:26', NULL),
(126, 7, 15, 'Monitor LG 24BK550Y, LED, 24', 'LG', 238, 300, '<span style=\"color: rgb(28, 28, 28); font-family: Roboto, sans-serif; letter-spacing: -0.2px;\">Monitori LED ka dizajn të veçantë dhe një diagonale prej 23.8 inç. Ekrani përdor teknologjinë e përparuar IPS dhe ofron një rezolucion prej 1920 x 1080 pix. Ka raport të aspektit 16: 9, raport kontrasti 1000: 1 dhe ndriçim deri në 250 cd / m2. Në të përfshihen boshti për pjerrtësim, anim si dhe ndryshim në lartësi mbi sipërfaqe. Ndërfaqja: Display Port 1.2, DVI-D me HDCP, D-SUB, PC Audio, USB, altoparlant i integruar (2 x 1.2 W).</span><br>', 'l.jpg', 'll.jpg', 'lll.jpg', 3, 'In Stock', '2023-02-07 14:02:08', NULL),
(127, 7, 15, 'MONITOR SAMSUNG 24\" ODYSSEY LC24RG50FZRXEN FHD | 144HZ CURVED', 'SAMSUNG ', 219, 0, '<span style=\"color: rgb(28, 28, 28); font-family: Roboto, sans-serif; letter-spacing: -0.2px;\">Monitori LED ka dizajn të veçantë dhe një diagonale prej 23.8 inç. Ekrani përdor teknologjinë e përparuar IPS dhe ofron një rezolucion prej 1920 x 1080 pix. Ka raport të aspektit 16: 9, raport kontrasti 1000: 1 dhe ndriçim deri në 250 cd / m2. Në të përfshihen boshti për pjerrtësim, anim si dhe ndryshim në lartësi mbi sipërfaqe. Ndërfaqja: Display Port 1.2, DVI-D me HDCP, D-SUB, PC Audio, USB, altoparlant i integruar (2 x 1.2 W).</span><br>', 'o.png', 'pp.png', '[[[.png', 3, 'In Stock', '2023-02-07 14:04:44', NULL);
INSERT INTO `products` (`id`, `category`, `subCategory`, `productName`, `productCompany`, `productPrice`, `productPriceBeforeDiscount`, `productDescription`, `productImage1`, `productImage2`, `productImage3`, `shippingCharge`, `productAvailability`, `postingDate`, `updationDate`) VALUES
(128, 8, 21, 'SHPORET SHARP KF-76FVMT15WL-CH ME PLLAKË KERAMIKE WHITE', 'SHARP', 480, 0, '<table width=\"100%\" class=\"opis\" style=\"background-color: rgb(255, 255, 255); font-weight: inherit; font-family: &quot;Roboto Condensed&quot;, sans-serif; margin: 0px; padding: 0px; color: rgb(33, 37, 41); font-size: 16px; width: 1102px; table-layout: fixed; background-position: initial; background-repeat: initial; outline: 0px; vertical-align: top;\"><tbody style=\"box-sizing: border-box; font-family: Poppins, sans-serif; margin: 0px; padding: 0px; background-position: initial; background-repeat: initial; font-weight: inherit; outline: 0px; vertical-align: top;\"><tr style=\"box-sizing: border-box; margin: 0px; padding: 0px; background-position: initial; background-repeat: initial; font-weight: inherit; outline: 0px; vertical-align: top;\"><td style=\"box-sizing: border-box; padding: 3px; margin: 0px; border-top: none; border-right: 0px none; border-bottom: none; border-left: 0px none; font-size: 14px;\"><span style=\"box-sizing: border-box; margin: 0px; padding: 0px; background-position: initial; background-repeat: initial; font-weight: inherit; outline: 0px; vertical-align: inherit;\">Karakteristikat:</span></td></tr><tr style=\"box-sizing: border-box; margin: 0px; padding: 0px; background-color: transparent; font-weight: inherit; outline: 0px; vertical-align: top;\"><td style=\"box-sizing: border-box; padding: 3px; margin: 0px; border-top: none; border-right: 0px none; border-bottom: none; border-left: 0px none; font-size: 14px;\"><span style=\"box-sizing: border-box; margin: 0px; padding: 0px; background-position: initial; background-repeat: initial; font-weight: inherit; outline: 0px; vertical-align: inherit;\">- treguesi i nxehtësisë</span></td></tr><tr style=\"box-sizing: border-box; margin: 0px; padding: 0px; background-position: initial; background-repeat: initial; font-weight: inherit; outline: 0px; vertical-align: top;\"><td style=\"box-sizing: border-box; padding: 3px; margin: 0px; border-top: none; border-right: 0px none; border-bottom: none; border-left: 0px none; font-size: 14px;\"><span style=\"box-sizing: border-box; margin: 0px; padding: 0px; background-position: initial; background-repeat: initial; font-weight: inherit; outline: 0px; vertical-align: inherit;\">- kapaciteti: 82 l<br style=\"box-sizing: border-box;\"><table width=\"100%\" class=\"opis\" style=\"background-color: rgb(255, 255, 255); font-weight: inherit; font-family: &quot;Roboto Condensed&quot;, sans-serif; margin: 0px; padding: 0px; font-size: 16px; width: 1102px; table-layout: fixed; background-position: initial; background-repeat: initial; outline: 0px; vertical-align: top;\"><tbody style=\"box-sizing: border-box; font-family: Poppins, sans-serif; margin: 0px; padding: 0px; background-position: initial; background-repeat: initial; font-weight: inherit; outline: 0px; vertical-align: top;\"><tr style=\"box-sizing: border-box; margin: 0px; padding: 0px; background-position: initial; background-repeat: initial; font-weight: inherit; outline: 0px; vertical-align: top;\"><td style=\"box-sizing: border-box; padding: 3px; margin: 0px; border-top: none; border-right: 0px none; border-bottom: none; border-left: 0px none; font-size: 14px;\"><span style=\"box-sizing: border-box; margin: 0px; padding: 0px; background-position: initial; background-repeat: initial; font-weight: inherit; outline: 0px; vertical-align: inherit;\">- dera e ftohtë në prekje</span></td></tr><tr style=\"box-sizing: border-box; margin: 0px; padding: 0px; background-color: transparent; font-weight: inherit; outline: 0px; vertical-align: top;\"><td style=\"box-sizing: border-box; padding: 3px; margin: 0px; border-top: none; border-right: 0px none; border-bottom: none; border-left: 0px none; font-size: 14px;\"><span style=\"box-sizing: border-box; margin: 0px; padding: 0px; background-position: initial; background-repeat: initial; font-weight: inherit; outline: 0px; vertical-align: inherit;\">- Xhami në derë mund të hiqet për pastrim më të lehtë</span></td></tr><tr style=\"box-sizing: border-box; margin: 0px; padding: 0px; background-position: initial; background-repeat: initial; font-weight: inherit; outline: 0px; vertical-align: top;\"><td style=\"box-sizing: border-box; padding: 3px; margin: 0px; border-top: none; border-right: 0px none; border-bottom: none; border-left: 0px none; font-size: 14px;\"><span style=\"box-sizing: border-box; margin: 0px; padding: 0px; background-position: initial; background-repeat: initial; font-weight: inherit; outline: 0px; vertical-align: inherit;\">- lartësi e rregullueshme</span></td></tr><tr style=\"box-sizing: border-box; margin: 0px; padding: 0px; background-color: transparent; font-weight: inherit; outline: 0px; vertical-align: top;\"><td style=\"box-sizing: border-box; padding: 3px; margin: 0px; border-top: none; border-right: 0px none; border-bottom: none; border-left: 0px none; font-size: 14px;\"><span style=\"box-sizing: border-box; margin: 0px; padding: 0px; background-position: initial; background-repeat: initial; font-weight: inherit; outline: 0px; vertical-align: inherit;\">- sirtar për ruajtjen e enëve për ruajtjen e ushqimit</span></td></tr><tr style=\"box-sizing: border-box; margin: 0px; padding: 0px; background-position: initial; background-repeat: initial; font-weight: inherit; outline: 0px; vertical-align: top;\"><td style=\"box-sizing: border-box; padding: 3px; margin: 0px; border-top: none; border-right: 0px none; border-bottom: none; border-left: 0px none; font-size: 14px;\"><span style=\"box-sizing: border-box; margin: 0px; padding: 0px; background-position: initial; background-repeat: initial; font-weight: inherit; outline: 0px; vertical-align: inherit;\">- zhurma e funksionimit: 53 dB</span></td></tr><tr style=\"box-sizing: border-box; margin: 0px; padding: 0px; background-color: transparent; font-weight: inherit; outline: 0px; vertical-align: top;\"><td style=\"box-sizing: border-box; padding: 3px; margin: 0px; border-top: none; border-right: 0px none; border-bottom: none; border-left: 0px none; font-size: 14px;\"><span style=\"box-sizing: border-box; margin: 0px; padding: 0px; background-position: initial; background-repeat: initial; font-weight: inherit; outline: 0px; vertical-align: inherit;\">Funksionet e furrës: ngrohës i poshtëm, ventilator, ventilator + ngrohës i sipërm, skarë, barbekju + ngrohës i sipërm + ventilator, ngrohës i sipërm + ngrohës i poshtëm + ventilator, i butë, ngrohës i sipërm + ngrohës i poshtëm</span></td></tr><tr style=\"box-sizing: border-box; margin: 0px; padding: 0px; background-position: initial; background-repeat: initial; font-weight: inherit; outline: 0px; vertical-align: top;\"><td style=\"box-sizing: border-box; padding: 3px; margin: 0px; border-top: none; border-right: 0px none; border-bottom: none; border-left: 0px none; font-size: 14px;\"><span style=\"box-sizing: border-box; margin: 0px; padding: 0px; background-position: initial; background-repeat: initial; font-weight: inherit; outline: 0px; vertical-align: inherit;\">Funksionet e cilësimit të furrës: përfundimi, kohëzgjatja, kujtesa e minutave, bip, koha</span></td></tr><tr style=\"box-sizing: border-box; margin: 0px; padding: 0px; background-color: transparent; font-weight: inherit; outline: 0px; vertical-align: top;\"><td style=\"box-sizing: border-box; padding: 3px; margin: 0px; border-top: none; border-right: 0px none; border-bottom: none; border-left: 0px none; font-size: 14px;\"><span style=\"box-sizing: border-box; margin: 0px; padding: 0px; background-position: initial; background-repeat: initial; font-weight: inherit; outline: 0px; vertical-align: inherit;\">Fuqia totale e lidhur: 9600 W</span></td></tr><tr style=\"box-sizing: border-box; margin: 0px; padding: 0px; background-position: initial; background-repeat: initial; font-weight: inherit; outline: 0px; vertical-align: top;\"><td style=\"box-sizing: border-box; padding: 3px; margin: 0px; border-top: none; border-right: 0px none; border-bottom: none; border-left: 0px none; font-size: 14px;\"><span style=\"box-sizing: border-box; margin: 0px; padding: 0px; background-position: initial; background-repeat: initial; font-weight: inherit; outline: 0px; vertical-align: inherit;\">Tensioni i funksionimit: 220 V - 240 V, rrymë trefazore</span></td></tr><tr style=\"box-sizing: border-box; margin: 0px; padding: 0px; background-color: transparent; font-weight: inherit; outline: 0px; vertical-align: top;\"><td style=\"box-sizing: border-box; padding: 3px; margin: 0px; border-top: none; border-right: 0px none; border-bottom: none; border-left: 0px none; font-size: 14px;\"><span style=\"box-sizing: border-box; margin: 0px; padding: 0px; background-position: initial; background-repeat: initial; font-weight: inherit; outline: 0px; vertical-align: inherit;\">Ngjyra: e bardhë</span></td></tr><tr style=\"box-sizing: border-box; margin: 0px; padding: 0px; background-position: initial; background-repeat: initial; font-weight: inherit; outline: 0px; vertical-align: top;\"><td style=\"box-sizing: border-box; padding: 3px; margin: 0px; border-top: none; border-right: 0px none; border-bottom: none; border-left: 0px none; font-size: 14px;\"><span style=\"box-sizing: border-box; margin: 0px; padding: 0px; background-position: initial; background-repeat: initial; font-weight: inherit; outline: 0px; vertical-align: inherit;\">Përmasat (W x L x D): 69.6 x 85 x 70 cm</span></td></tr></tbody></table></span></td></tr></tbody></table>', '10.jpeg', '100.png', 'k7.png', 4, 'Out of Stock', '2023-02-07 14:11:53', NULL),
(129, 8, 22, 'ENËLARËSE JO MONTUESE HUGO DWC14 60CM', 'Hugo', 269, 0, '<p><font face=\"arial\" size=\"3\"><span style=\"color: rgb(0, 0, 0); text-align: center;\">Gëzoni një mënyrë më të thjeshtë dhe më intuitive për të pastruar enët tuaja me një ekran të madh dhe të gjerë LED që është i lehtë për t’u lexuar. Mund të kontrolloni shpejt gjendjen, cilësimet, kohën e mbetur dhe ecurinë e ciklit në një shikim, madje edhe nga distanca. Kështu që mund të monitoroni dhe kontrolloni lehtë performancën e larjes.<br></span><span style=\"color: rgb(0, 0, 0); text-align: center;\">Një Grilë e 3-të Fleksibël ofron një hapësirë ​​të dedikuar në krye për sendet e vogla dhe të lehta, të tilla si lugë, pirunj dhe vegla.</span></font></p><p><font face=\"arial\" size=\"3\"><span style=\"color: rgb(0, 0, 0); text-align: center;\">&nbsp;Pra, artikujt qëndrojnë të sigurtë, por edhe pastrohen tërësisht nga hedhje të fuqishme të ujit.<br></span><span style=\"color: rgb(0, 0, 0); text-align: center;\">Hapësira Fleksibël e Brendshme është e rregullueshme në lartësi, kështu që rafti i sipërm mund të ngrihet lart ose poshtë me një shtesë prej 5 cm me një prekje të shkyçjes. Duke krijuar më shumë hapësirë ​​në raftin e poshtëm, mund të përshtasni madhësi dhe forma të ndryshme të enëve, duke përfshirë enë të gjata, tepsi të gjera dhe pjata me përmasa të mëdha.</span></font></p>', '100.png', '1000.png', '', 3, 'In Stock', '2023-02-07 14:21:16', NULL),
(130, 8, 22, ' ENËLARËSE JO MONTUESE ELECTROLUX ESF5206LOW 60CM', ' ELECTROLUX', 449, 0, '<p style=\"box-sizing: border-box; color: rgb(102, 102, 102); font-family: Roboto, sans-serif;\"><font face=\"arial\" size=\"3\" style=\"box-sizing: border-box;\"><span style=\"box-sizing: border-box; color: rgb(0, 0, 0); text-align: center;\">Gëzoni një mënyrë më të thjeshtë dhe më intuitive për të pastruar enët tuaja me një ekran të madh dhe të gjerë LED që është i lehtë për t’u lexuar. Mund të kontrolloni shpejt gjendjen, cilësimet, kohën e mbetur dhe ecurinë e ciklit në një shikim, madje edhe nga distanca. Kështu që mund të monitoroni dhe kontrolloni lehtë performancën e larjes.<br style=\"box-sizing: border-box;\"></span><span style=\"box-sizing: border-box; color: rgb(0, 0, 0); text-align: center;\">Një Grilë e 3-të Fleksibël ofron një hapësirë ​​të dedikuar në krye për sendet e vogla dhe të lehta, të tilla si lugë, pirunj dhe vegla.</span></font></p><p style=\"box-sizing: border-box; color: rgb(102, 102, 102); font-family: Roboto, sans-serif;\"><font face=\"arial\" size=\"3\" style=\"box-sizing: border-box;\"><span style=\"box-sizing: border-box; color: rgb(0, 0, 0); text-align: center;\">&nbsp;Pra, artikujt qëndrojnë të sigurtë, por edhe pastrohen tërësisht nga hedhje të fuqishme të ujit.<br style=\"box-sizing: border-box;\"></span><span style=\"box-sizing: border-box; color: rgb(0, 0, 0); text-align: center;\">Hapësira Fleksibël e Brendshme është e rregullueshme në lartësi, kështu që rafti i sipërm mund të ngrihet lart ose poshtë me një shtesë prej 5 cm me një prekje të shkyçjes. Duke krijuar më shumë hapësirë ​​në raftin e poshtëm, mund të përshtasni madhësi dhe forma të ndryshme të enëve, duke përfshirë enë të gjata, tepsi të gjera dhe pjata me përmasa të mëdha.</span></font></p>', 'eeee.jpeg', 'eeeeee.jpeg', 'eeeeeeeeeeee.png', 4, 'Out of Stock', '2023-02-07 14:25:48', NULL),
(131, 8, 22, 'ENËLARËSE JO MONTUESE ELECTROLUX ESF5206LOX 60CM', 'ELECTROLUX', 499, 0, '<p style=\"box-sizing: border-box; color: rgb(102, 102, 102); font-family: Roboto, sans-serif;\"><font face=\"arial\" size=\"3\" style=\"box-sizing: border-box;\"><span style=\"box-sizing: border-box; color: rgb(0, 0, 0); text-align: center;\">Gëzoni një mënyrë më të thjeshtë dhe më intuitive për të pastruar enët tuaja me një ekran të madh dhe të gjerë LED që është i lehtë për t’u lexuar. Mund të kontrolloni shpejt gjendjen, cilësimet, kohën e mbetur dhe ecurinë e ciklit në një shikim, madje edhe nga distanca. Kështu që mund të monitoroni dhe kontrolloni lehtë performancën e larjes.<br style=\"box-sizing: border-box;\"></span><span style=\"box-sizing: border-box; color: rgb(0, 0, 0); text-align: center;\">Një Grilë e 3-të Fleksibël ofron një hapësirë ​​të dedikuar në krye për sendet e vogla dhe të lehta, të tilla si lugë, pirunj dhe vegla.</span></font></p><p style=\"box-sizing: border-box; color: rgb(102, 102, 102); font-family: Roboto, sans-serif;\"><font face=\"arial\" size=\"3\" style=\"box-sizing: border-box;\"><span style=\"box-sizing: border-box; color: rgb(0, 0, 0); text-align: center;\">&nbsp;Pra, artikujt qëndrojnë të sigurtë, por edhe pastrohen tërësisht nga hedhje të fuqishme të ujit.<br style=\"box-sizing: border-box;\"></span><span style=\"box-sizing: border-box; color: rgb(0, 0, 0); text-align: center;\">Hapësira Fleksibël e Brendshme është e rregullueshme në lartësi, kështu që rafti i sipërm mund të ngrihet lart ose poshtë me një shtesë prej 5 cm me një prekje të shkyçjes. Duke krijuar më shumë hapësirë ​​në raftin e poshtëm, mund të përshtasni madhësi dhe forma të ndryshme të enëve, duke përfshirë enë të gjata, tepsi të gjera dhe pjata me përmasa të mëdha.</span></font></p>', 'o.png', 'oo.png', 'ooo.png', 3, 'In Stock', '2023-02-07 14:29:24', NULL),
(132, 8, 22, 'ENËLARËSE JO MONTUESE SHARP QWHX13F47EIEU 60CM', 'SHARP', 259, 349, '<p style=\"box-sizing: border-box; color: rgb(102, 102, 102); font-family: Roboto, sans-serif;\"><span style=\"color: rgb(0, 0, 0); text-align: center; font-family: arial; font-size: medium;\">Hapësira Fleksibël e Brendshme është e rregullueshme në lartësi, kështu që rafti i sipërm mund të ngrihet lart ose poshtë me një shtesë prej 7 cm me një prekje të shkyçjes. Duke krijuar më shumë hapësirë ​​në raftin e poshtëm, mund të përshtasni madhësi dhe forma të ndryshme të enëve, duke përfshirë enë të gjata, tepsi të gjera dhe pjata me përmasa të mëdha.</span><br></p><p style=\"box-sizing: border-box; color: rgb(102, 102, 102); font-family: Roboto, sans-serif;\"><font face=\"arial\" size=\"3\" style=\"box-sizing: border-box;\"><span style=\"box-sizing: border-box; color: rgb(0, 0, 0); text-align: center;\">Gëzoni një mënyrë më të thjeshtë dhe më intuitive për të pastruar enët tuaja me një ekran të madh dhe të gjerë LED që është i lehtë për t’u lexuar. Mund të kontrolloni shpejt gjendjen, cilësimet, kohën e mbetur dhe ecurinë e ciklit në një shikim, madje edhe nga distanca. Kështu që mund të monitoroni dhe kontrolloni lehtë performancën e larjes.<br style=\"box-sizing: border-box;\"></span><span style=\"box-sizing: border-box; color: rgb(0, 0, 0); text-align: center;\">Një Grilë e 3-të Fleksibël ofron një hapësirë ​​të dedikuar në krye për sendet e vogla dhe të lehta, të tilla si lugë, pirunj dhe vegla.</span></font></p><p style=\"box-sizing: border-box; color: rgb(102, 102, 102); font-family: Roboto, sans-serif;\"><font face=\"arial\" size=\"3\" style=\"box-sizing: border-box;\"><span style=\"box-sizing: border-box; color: rgb(0, 0, 0); text-align: center;\">&nbsp;Pra, artikujt qëndrojnë të sigurtë, por edhe pastrohen tërësisht nga hedhje të fuqishme të ujit.<br style=\"box-sizing: border-box;\"></span><br></font></p>', '5.png', '55.png', 'ooo.png', 4, 'Out of Stock', '2023-02-07 14:31:58', NULL),
(133, 8, 22, 'ENËLARËSE JO MONTUESE SHARP QWNA1DF45EIEU 60CM', 'SHARP', 299, 0, '<p style=\"box-sizing: border-box; color: rgb(102, 102, 102); font-family: Roboto, sans-serif;\"><span style=\"box-sizing: border-box; color: rgb(0, 0, 0); text-align: center; font-family: arial; font-size: medium;\">Hapësira Fleksibël e Brendshme është e rregullueshme në lartësi, kështu që rafti i sipërm mund të ngrihet lart ose poshtë me një shtesë prej 7 cm me një prekje të shkyçjes. Duke krijuar më shumë hapësirë ​​në raftin e poshtëm, mund të përshtasni madhësi dhe forma të ndryshme të enëve, duke përfshirë enë të gjata, tepsi të gjera dhe pjata me përmasa të mëdha.</span><br style=\"box-sizing: border-box;\"></p><p style=\"box-sizing: border-box; color: rgb(102, 102, 102); font-family: Roboto, sans-serif;\"><font face=\"arial\" size=\"3\" style=\"box-sizing: border-box;\"><span style=\"box-sizing: border-box; color: rgb(0, 0, 0); text-align: center;\">Gëzoni një mënyrë më të thjeshtë dhe më intuitive për të pastruar enët tuaja me një ekran të madh dhe të gjerë LED që është i lehtë për t’u lexuar. Mund të kontrolloni shpejt gjendjen, cilësimet, kohën e mbetur dhe ecurinë e ciklit në një shikim, madje edhe nga distanca. Kështu që mund të monitoroni dhe kontrolloni lehtë performancën e larjes.<br style=\"box-sizing: border-box;\"></span><span style=\"box-sizing: border-box; color: rgb(0, 0, 0); text-align: center;\">Një Grilë e 3-të Fleksibël ofron një hapësirë ​​të dedikuar në krye për sendet e vogla dhe të lehta, të tilla si lugë, pirunj dhe vegla.</span></font></p><p style=\"box-sizing: border-box; color: rgb(102, 102, 102); font-family: Roboto, sans-serif;\"><font face=\"arial\" size=\"3\" style=\"box-sizing: border-box;\"><span style=\"box-sizing: border-box; color: rgb(0, 0, 0); text-align: center;\">&nbsp;Pra, artikujt qëndrojnë të sigurtë, por edhe pastrohen tërësisht nga hedhje të fuqishme të ujit.<br style=\"box-sizing: border-box;\"></span></font></p>', '6.png', '66.png', '666.png', 3, 'In Stock', '2023-02-07 14:39:21', NULL),
(134, 9, 24, 'KAMER GAMING REDRAGON FOBOS GW600 | 720P MIC BLACK', 'REDRAGON', 39, 0, '<p><span style=\"color: rgba(0, 0, 0, 0.6);\"><font face=\"arial\" style=\"\" size=\"3\">Regjistroni video ose transmetoni drejtpërdrejt me kamera kompjuterike Redragon FOBOS GV600 720P me mbajtëse. Përmban një aparat fotografik 720p HD për një pamje më të qartë sesa kamerat me definicion standard. Mund të xhirojë video me 30 FPS dhe vjen me një lente fokusi fiks. Për lehtësi, ai gjithashtu ka një mbështetëse që mund të përshtatet me nevojat tuaja, pavarësisht nëse qëndron në një tavolinë apo montohet në një monitor. Kontrolloni automatikisht funksione të tilla si ngopja, kontrasti, mprehtësia, ekuilibri i bardhë dhe ekspozimi duke përdorur funksionet e kontrollit automatik të GV600. Kjo kamera ueb gjithashtu mbështet sisteme.</font></span></p>', '1.jpg', '11.png', '111.jpg', 4, 'In Stock', '2023-02-07 14:45:23', NULL),
(135, 9, 24, 'WEBCAM VIMTAG 812H 1080P 2MP', ' VIMTAG ', 42, 60, '<span style=\"color: rgba(0, 0, 0, 0.6); font-family: arial; font-size: medium;\">Regjistroni video ose transmetoni drejtpërdrejt me kamera kompjuterike VIMTAG .</span><div><span style=\"color: rgba(0, 0, 0, 0.6); font-family: arial; font-size: medium;\">&nbsp;Përmban një aparat fotografik 720p HD për një pamje më të qartë sesa kamerat me definicion standard. Mund të xhirojë video me 30 FPS dhe vjen me një lente fokusi fiks. Për lehtësi, ai gjithashtu ka një mbështetëse që mund të përshtatet me nevojat tuaja, pavarësisht nëse qëndron në një tavolinë apo montohet në një monitor. Kontrolloni automatikisht funksione të tilla si ngopja, kontrasti, mprehtësia, ekuilibri i bardhë dhe ekspozimi duke përdorur funksionet e kontrollit automatik të GV600.&nbsp;</span><br></div>', '2.png', '', '111.jpg', 3, 'In Stock', '2023-02-07 14:48:04', NULL),
(136, 9, 24, 'WIFI CAMERA  XIAOMI HOME 360° OB02354 | 2K', 'XIAOMI', 64, 0, '<font face=\"arial\" size=\"3\"><span style=\"box-sizing: inherit; margin: 0px; padding: 0px; color: rgb(33, 37, 41); vertical-align: inherit;\">Kapaciteti i memories:</span><span style=\"box-sizing: inherit; margin: 0px; padding: 0px; color: rgb(33, 37, 41); vertical-align: inherit;\">microSD deri në 32 GB</span></font><div><font face=\"arial\" size=\"3\"><span style=\"box-sizing: inherit; margin: 0px; padding: 0px; color: rgb(33, 37, 41); vertical-align: inherit;\">Kamera:</span><span style=\"box-sizing: inherit; margin: 0px; padding: 0px; color: rgb(33, 37, 41); vertical-align: inherit;\">apertura F1.4, lente 6P, rezolucion 3MPx - video 2K (2304x1296)</span></font></div><div><font face=\"arial\" size=\"3\"><span style=\"box-sizing: inherit; margin: 0px; padding: 0px; color: rgb(33, 37, 41); vertical-align: inherit;\">Lidhshmëria:</span><span style=\"box-sizing: inherit; margin: 0px; padding: 0px; color: rgb(33, 37, 41); vertical-align: inherit;\">Wi-Fi 2,4 GHz, Google Assistant, Amazon Alexa</span></font></div><div><font face=\"arial\" size=\"3\"><span style=\"box-sizing: inherit; margin: 0px; padding: 0px; color: rgb(33, 37, 41); vertical-align: inherit;\">Karakteristika te tjera:</span><span style=\"box-sizing: inherit; margin: 0px; padding: 0px; color: rgb(33, 37, 41); vertical-align: inherit;\">Këndi i shikimit 110°, rrotullim në dy akse - 360° horizontalisht dhe 108° vertikalisht, vizion me ngjyra natën, mikrofona të dyfishtë</span></font></div><div><font face=\"arial\" size=\"3\"><span style=\"box-sizing: inherit; margin: 0px; padding: 0px; color: rgb(33, 37, 41); vertical-align: inherit;\">Dimensionet:</span><span style=\"box-sizing: inherit; margin: 0px; padding: 0px; color: rgb(33, 37, 41); vertical-align: inherit;\">115 x 78 x 78 mm</span></font></div><div><span style=\"box-sizing: inherit; margin: 0px; padding: 0px; color: rgb(33, 37, 41); vertical-align: inherit;\"><font face=\"arial\" style=\"\" size=\"3\">Pesha:310g</font></span><br></div>', '3.png', '33.png', '333.png', 3, 'In Stock', '2023-02-07 14:50:49', NULL),
(137, 9, 24, ' WIFI CAMERA XIAOMI MI HOME 360° OB02528 | 1080P', 'XIAOMI', 45, 60, '<font size=\"3\"><span style=\"box-sizing: inherit; font-family: Poppins, sans-serif; margin: 0px; padding: 0px; color: rgb(33, 37, 41); vertical-align: inherit;\">Kapaciteti i memories:</span><span style=\"box-sizing: inherit; font-family: Poppins, sans-serif; margin: 0px; padding: 0px; color: rgb(33, 37, 41); vertical-align: inherit;\">MicroSD 16-64 GB Klasa 10 dhe më e shpejtë (nuk përfshihet)</span></font><div><font size=\"3\"><span style=\"box-sizing: inherit; font-family: Poppins, sans-serif; margin: 0px; padding: 0px; color: rgb(33, 37, 41); vertical-align: inherit;\">Kamera:</span><span style=\"box-sizing: inherit; font-family: Poppins, sans-serif; margin: 0px; padding: 0px; color: rgb(33, 37, 41); vertical-align: inherit;\">Këndi i shikimit 360°, këndi i shikimit horizontal 360°, ekrani vertikal dhe i gjerë 108°, LED infra të kuqe për shikimin e natës</span></font></div><div><font size=\"3\"><span style=\"box-sizing: inherit; font-family: Poppins, sans-serif; margin: 0px; padding: 0px; color: rgb(33, 37, 41); vertical-align: inherit;\">Lidhshmëria:</span><span style=\"box-sizing: inherit; font-family: Poppins, sans-serif; margin: 0px; padding: 0px; color: rgb(33, 37, 41); vertical-align: inherit;\">Wi-Fi IEEE 802.11b/g/n 2,4 GHz</span></font></div><div><font size=\"3\"><span style=\"box-sizing: inherit; font-family: Poppins, sans-serif; margin: 0px; padding: 0px; color: rgb(33, 37, 41); vertical-align: inherit;\">Karakteristika te tjera:</span><span style=\"box-sizing: inherit; font-family: Poppins, sans-serif; margin: 0px; padding: 0px; color: rgb(33, 37, 41); vertical-align: inherit;\">Lëvizja e lenteve në dy akse, zbulimi i lëvizjes, mikrofon shumë i ndjeshëm, altoparlanti, Google Assistant, Amazon Alexa</span></font></div><div><font size=\"3\"><span style=\"box-sizing: inherit; font-family: Poppins, sans-serif; margin: 0px; padding: 0px; color: rgb(33, 37, 41); vertical-align: inherit;\">Sistemi operativ:</span><span style=\"box-sizing: inherit; font-family: Poppins, sans-serif; margin: 0px; padding: 0px; color: rgb(33, 37, 41); vertical-align: inherit;\">APP Mi Home në iOS / Android</span></font></div><div><font size=\"3\"><span style=\"box-sizing: inherit; font-family: Poppins, sans-serif; margin: 0px; padding: 0px; color: rgb(33, 37, 41); vertical-align: inherit;\">Dimensionet:</span><span style=\"box-sizing: inherit; font-family: Poppins, sans-serif; margin: 0px; padding: 0px; color: rgb(33, 37, 41); vertical-align: inherit;\">108 × 75 × 75 mm</span></font></div><div><font size=\"3\"><span style=\"box-sizing: inherit; font-family: Poppins, sans-serif; margin: 0px; padding: 0px; color: rgb(33, 37, 41); vertical-align: inherit;\">Pesha:</span><span style=\"box-sizing: inherit; font-family: Poppins, sans-serif; margin: 0px; padding: 0px; color: rgb(33, 37, 41); vertical-align: inherit;\">254 g</span></font><br></div>', '4.png', '333.png', '44.png', 3, 'Out of Stock', '2023-02-07 14:53:35', NULL),
(138, 9, 25, 'ZMADHUES PHILIPS BT55P/00 | BLUETOOTH PINK', 'Philips', 29, 40, '<div style=\"text-align: justify;\"><font size=\"3\" face=\"arial\"><span style=\"box-sizing: border-box; margin: 0px; padding: 0px; color: rgb(60, 60, 60); vertical-align: inherit;\">Anti-prerja ju lejon të luani muzikë më fort dhe e mbani cilësinë të lartë, edhe kur bateria është e ulët.&nbsp;</span><span style=\"box-sizing: border-box; margin: 0px; padding: 0px; color: rgb(60, 60, 60); vertical-align: inherit;\">Ai pranon një sërë sinjalesh hyrëse nga 300 mV në 1000 mV dhe i mban altoparlantët tuaj të sigurt nga dëmtimi nga shtrembërimi.&nbsp;</span><span style=\"box-sizing: border-box; margin: 0px; padding: 0px; color: rgb(60, 60, 60); vertical-align: inherit;\">Ky funksion i integruar monitoron sinjalin muzikor ndërsa kalon përmes amplifikatorit dhe mban majat brenda diapazonit të amplifikatorit, duke parandaluar shtrembërimin e audios të shkaktuar nga prerja pa ndikuar në lartësinë e zërit.&nbsp;</span><span style=\"box-sizing: border-box; margin: 0px; padding: 0px; color: rgb(60, 60, 60); vertical-align: inherit;\">Aftësia e një altoparlanti portativ për të riprodhuar kulmet muzikore zvogëlohet së bashku me fuqinë e baterisë, por anti-prerja zvogëlon majat e shkaktuara nga bateria e ulët, duke mbajtur muzikë pa shtrembërime.</span></font></div>', 'vErGrUQHSYwD48KUPIg7Itz77IbtxjDUuo6jurTy.jpeg', 'aa.jpeg', 'aaa.jpeg', 2, 'In Stock', '2023-02-07 14:55:55', NULL),
(139, 9, 25, 'ZMADHUES PHILIPS BT55W/00 | BLUETOOTH WHITE', 'Philips', 29, 0, '<div style=\"text-align: justify;\"><span style=\"box-sizing: border-box; font-family: Poppins, sans-serif; margin: 0px; padding: 0px; color: rgb(60, 60, 60); font-size: 16px; vertical-align: inherit;\">Anti-prerja ju lejon të luani muzikë më fort dhe e mbani cilësinë të lartë, edhe kur bateria është e ulët.&nbsp;</span><span style=\"box-sizing: border-box; font-family: Poppins, sans-serif; margin: 0px; padding: 0px; color: rgb(60, 60, 60); font-size: 16px; vertical-align: inherit;\">Ai pranon një sërë sinjalesh hyrëse nga 300 mV në 1000 mV dhe i mban altoparlantët tuaj të sigurt nga dëmtimi nga shtrembërimi.&nbsp;</span><span style=\"box-sizing: border-box; font-family: Poppins, sans-serif; margin: 0px; padding: 0px; color: rgb(60, 60, 60); font-size: 16px; vertical-align: inherit;\">Ky funksion i integruar monitoron sinjalin muzikor ndërsa kalon përmes amplifikatorit dhe mban majat brenda diapazonit të amplifikatorit, duke parandaluar shtrembërimin e audios të shkaktuar nga prerja pa ndikuar në lartësinë e zërit.&nbsp;</span><span style=\"box-sizing: border-box; font-family: Poppins, sans-serif; margin: 0px; padding: 0px; color: rgb(60, 60, 60); font-size: 16px; vertical-align: inherit;\">Aftësia e një altoparlanti portativ për të riprodhuar kulmet muzikore zvogëlohet së bashku me fuqinë e baterisë, por anti-prerja zvogëlon majat e shkaktuara nga bateria e ulët, duke mbajtur muzikë pa shtrembërime.</span></div>', '11.jpeg', '1.jpeg', '111.jpeg', 3, 'In Stock', '2023-02-07 14:57:42', NULL),
(140, 9, 25, 'ZMADHUES ZERI ME BLUETOOTH K35 E ZEZE', 'Wesdar', 18, 30, '<span style=\"box-sizing: border-box; text-align: justify; font-family: Poppins, sans-serif; margin: 0px; padding: 0px; color: rgb(60, 60, 60); font-size: 16px; vertical-align: inherit;\">Anti-prerja ju lejon të luani muzikë më fort dhe e mbani cilësinë të lartë, edhe kur bateria është e ulët.&nbsp;</span><span style=\"box-sizing: border-box; text-align: justify; font-family: Poppins, sans-serif; margin: 0px; padding: 0px; color: rgb(60, 60, 60); font-size: 16px; vertical-align: inherit;\">&nbsp;</span><span style=\"box-sizing: border-box; text-align: justify; font-family: Poppins, sans-serif; margin: 0px; padding: 0px; color: rgb(60, 60, 60); font-size: 16px; vertical-align: inherit;\">Aftësia e një altoparlanti portativ për të riprodhuar kulmet muzikore zvogëlohet së bashku me fuqinë e baterisë, por anti-prerja zvogëlon majat e shkaktuara nga bateria e ulët, duke mbajtur muzikë pa shtrembërime.</span><br>', '2.jpeg', '22.jpeg', '', 2, 'In Stock', '2023-02-07 15:00:36', NULL),
(143, 9, 24, 'WIFI CAMERA TP-LINK TAPO C200 | 1080P NIGHT VISION MONTION DETECTION SOUND LIGHT ALARM SKAD0201', 'TP-LINK', 39, 0, '<div class=\"col-md-12 no-padding\" style=\"box-sizing: border-box; font-family: Poppins, sans-serif; margin: 0px; padding-right: 15px; padding-left: 15px; min-height: 1px; position: relative; float: left; width: 1270px; flex: 0 0 100%; max-width: 100%; color: rgb(33, 37, 41); font-size: 14px; padding-top: 0px !important; padding-bottom: 0px !important;\"><div id=\"Description\" class=\"tabcontent mt-5\" style=\"box-sizing: border-box; margin-right: 0px; margin-bottom: 0px; margin-left: 0px; padding: 6px 12px; border-top: none; margin-top: 3rem !important;\"><div slot=\"body\" style=\"box-sizing: border-box; margin: 0px; padding: 0px;\"><div class=\"full-description fs16\" style=\"box-sizing: border-box; margin: 0px; padding: 0px; font-size: 16px;\"><ul style=\"box-sizing: border-box; font-family: AktivGrotesk-Corp, Helvetica, sans-serif; margin-bottom: 0px; margin-left: 0px; color: rgb(80, 82, 85); -webkit-text-stroke: 1px rgba(0, 0, 0, 0);\"><li style=\"box-sizing: border-box; font-family: Poppins, sans-serif; margin: 0px 0px 0.5em; padding: 0px; list-style: disc; background-position: 0px 0px; background-repeat: initial; text-align: justify;\"><span style=\"box-sizing: border-box; margin: 0px; padding: 0px; vertical-align: inherit;\">Video me definicion të lartë: Regjistron çdo imazh në një përkufizim kristal 1080p</span></li><li style=\"box-sizing: border-box; font-family: Poppins, sans-serif; margin: 0px 0px 0.5em; padding: 0px; list-style: disc; background-position: 0px 0px; background-repeat: initial; text-align: justify;\"><span style=\"box-sizing: border-box; margin: 0px; padding: 0px; vertical-align: inherit;\">Gama 360º horizontale dhe 114º vertikale</span></li><li style=\"box-sizing: border-box; font-family: Poppins, sans-serif; margin: 0px 0px 0.5em; padding: 0px; list-style: disc; background-position: 0px 0px; background-repeat: initial; text-align: justify;\"><span style=\"box-sizing: border-box; margin: 0px; padding: 0px; vertical-align: inherit;\">Vizioni i avancuar i natës: Ofron një distancë vizuale deri në 10 metra.</span></li><li style=\"box-sizing: border-box; font-family: Poppins, sans-serif; margin: 0px 0px 0.5em; padding: 0px; list-style: disc; background-position: 0px 0px; background-repeat: initial; text-align: justify;\"><span style=\"box-sizing: border-box; margin: 0px; padding: 0px; vertical-align: inherit;\">Deri në 128gb SD card memorie(nuk përfshihet në paketim).</span></li><li style=\"box-sizing: border-box; font-family: Poppins, sans-serif; margin: 0px 0px 0.5em; padding: 0px; list-style: disc; background-position: 0px 0px; background-repeat: initial; text-align: justify;\"><span style=\"box-sizing: border-box; margin: 0px; padding: 0px; vertical-align: inherit;\">Zbulimi i lëvizjes dhe njoftimet: Ju njofton kur kamera zbulon lëvizje.</span></li><li style=\"box-sizing: border-box; font-family: Poppins, sans-serif; margin: 0px 0px 0.5em; padding: 0px; list-style: disc; background-position: 0px 0px; background-repeat: initial; text-align: justify;\"><span style=\"box-sizing: border-box; margin: 0px; padding: 0px; vertical-align: inherit;\">Alarmi i zërit dhe i dritës: Aktivizoni efektet e dritës dhe zërit për të trembur vizitorët e padëshiruar.</span></li><li style=\"box-sizing: border-box; font-family: Poppins, sans-serif; margin: 0px 0px 0.5em; padding: 0px; list-style: disc; background-position: 0px 0px; background-repeat: initial; text-align: justify;\"><span style=\"box-sizing: border-box; margin: 0px; padding: 0px; vertical-align: inherit;\">Audio me dy drejtime: Mundëson komunikimin përmes një mikrofoni dhe altoparlanti të integruar.</span></li><li style=\"box-sizing: border-box; font-family: Poppins, sans-serif; margin: 0px 0px 0.5em; padding: 0px; list-style: disc; background-position: 0px 0px; background-repeat: initial; text-align: justify;\"><span style=\"box-sizing: border-box; margin: 0px; padding: 0px; vertical-align: inherit;\"><span style=\"box-sizing: border-box; margin: 0px; padding: 0px; vertical-align: inherit;\">Ruajtja e sigurt: Ruan lokalisht deri në 128 GB në një kartë microSD, e barabartë me 384 orë (16 ditë) filmim.&nbsp;</span><span style=\"box-sizing: border-box; margin: 0px; padding: 0px; vertical-align: inherit;\">(Në bazë të kushteve laboratorike)</span></span></li><li style=\"box-sizing: border-box; font-family: Poppins, sans-serif; margin: 0px 0px 0.5em; padding: 0px; list-style: disc; background-position: 0px 0px; background-repeat: initial; text-align: justify;\"><span style=\"box-sizing: border-box; margin: 0px; padding: 0px; vertical-align: inherit;\"><span style=\"box-sizing: border-box; margin: 0px; padding: 0px; vertical-align: inherit;\">Kontrolli zanor: Lironi duart me kontrollin zanor: Punon me Google Assistant dhe Amazon Alexa.&nbsp;</span><span style=\"box-sizing: border-box; margin: 0px; padding: 0px; vertical-align: inherit;\">(Asistenti i Google dhe Amazon Alexa nuk disponohen në të gjitha gjuhët dhe vendet)</span></span></li></ul></div></div><div id=\"flix-inpage\" style=\"box-sizing: border-box; margin: 0px; padding: 0px;\"><div id=\"flixinpage_1675782547706\" style=\"box-sizing: border-box; margin: 0px; padding: 0px;\"></div></div></div></div><div class=\"related-products\" style=\"box-sizing: border-box; font-family: Poppins, sans-serif; margin: 0px 0px 60px; padding: 0px; width: 1270px; color: rgb(33, 37, 41); font-size: 14px;\"><div class=\"row mb15 col-12 pt20\" style=\"box-sizing: border-box; margin: 0px -15px 15px; padding-right: 15px; padding-bottom: 0px; padding-left: 15px; display: flex; flex-wrap: wrap; position: relative; width: 1270px; flex: 0 0 100%; max-width: 100%; padding-top: 20px !important;\"><div class=\"col-4 no-padding\" style=\"box-sizing: border-box; margin: 0px; padding-right: 15px; padding-left: 15px; position: relative; width: 413.325px; flex: 0 0 33.3333%; max-width: 33.3333%; padding-top: 0px !important; padding-bottom: 0px !important;\"></div></div></div>', 'x.png', 'xx.png', 'xxx.png', 2, 'In Stock', '2023-02-07 15:10:23', NULL),
(144, 7, 14, 'APACER FLASH DRIVE USB 2.0. 32GB. AH335', 'Apacer', 23, 0, '<span style=\"color: rgb(33, 37, 41); font-family: Poppins, sans-serif; font-size: 16px;\">APACER FLASH DRIVE USB 2.0. 32GB. AH335</span><br><div><span style=\"color: rgb(33, 37, 41); font-family: Poppins, sans-serif; font-size: 16px;\">Kapaciteti 32 GB.</span></div><div><font color=\"#212529\" face=\"Poppins, sans-serif\"><span style=\"font-size: 16px;\">Ngjyra Green.</span></font></div><div><font color=\"#212529\" face=\"Poppins, sans-serif\"><span style=\"font-size: 16px;\">Tipare tjera : E përbërë nga plastika</span></font></div><div><span style=\"color: rgb(33, 37, 41); font-family: Poppins, sans-serif; font-size: 16px;\"><br></span></div>', '8.jpeg', '88.jpeg', '888.jpeg', 2, 'In Stock', '2023-02-08 12:52:20', NULL),
(145, 7, 14, 'VERBATIM EXTERNAL SSD VX500 240GB 3.1 GEN 2', 'Verbatim', 74, 0, '<ul style=\"box-sizing: border-box; font-family: Arial, &quot;Helvetica Neue&quot;, Helvetica, sans-serif; margin-bottom: 12px; margin-left: 0px; padding-left: 18px; width: 670px; color: rgb(97, 97, 97);\"><li style=\"box-sizing: border-box; font-family: Poppins, sans-serif; margin: 0px 0px 8px; padding: 0px; float: left; width: 652px;\"><span style=\"box-sizing: border-box; margin: 0px; padding: 0px; vertical-align: inherit;\"><font size=\"3\">Lidhje USB 3.1 Gen 2 për transferim të të dhënave me shpejtësi të lartë dhe performancë optimale</font></span></li><li style=\"box-sizing: border-box; font-family: Poppins, sans-serif; margin: 0px 0px 8px; padding: 0px; float: left; width: 652px;\"><span style=\"box-sizing: border-box; margin: 0px; padding: 0px; vertical-align: inherit;\"><font size=\"3\">Shkalla e transferimit deri në 500 MB/s*</font></span></li><li style=\"box-sizing: border-box; font-family: Poppins, sans-serif; margin: 0px 0px 8px; padding: 0px; float: left; width: 652px;\"><span style=\"box-sizing: border-box; margin: 0px; padding: 0px; vertical-align: inherit;\"><font size=\"3\">E përputhshme me portat USB 2.0</font></span></li><li style=\"box-sizing: border-box; font-family: Poppins, sans-serif; margin: 0px 0px 8px; padding: 0px; float: left; width: 652px;\"><span style=\"box-sizing: border-box; margin: 0px; padding: 0px; vertical-align: inherit;\"><font size=\"3\">Forma jashtëzakonisht e hollë – ideale për udhëtime</font></span></li><li style=\"box-sizing: border-box; font-family: Poppins, sans-serif; margin: 0px 0px 8px; padding: 0px; float: left; width: 652px;\"><span style=\"box-sizing: border-box; margin: 0px; padding: 0px; vertical-align: inherit;\"><font size=\"3\">Strehimi metalik rezistent ndaj goditjeve - i reziston goditjeve dhe rënieve të përditshme</font></span></li><li style=\"box-sizing: border-box; font-family: Poppins, sans-serif; margin: 0px 0px 8px; padding: 0px; float: left; width: 652px;\"><span style=\"box-sizing: border-box; margin: 0px; padding: 0px; vertical-align: inherit;\"><font size=\"3\">Përfshin kabllot USB-A dhe USB-C</font></span></li><li style=\"box-sizing: border-box; font-family: Poppins, sans-serif; margin: 0px 0px 8px; padding: 0px; float: left; width: 652px;\"><span style=\"box-sizing: border-box; margin: 0px; padding: 0px; vertical-align: inherit;\"><font size=\"3\">Përfshin softuerin rezervë Nero**</font></span></li></ul>', '9.png', '99.png', '999.png', 2, 'In Stock', '2023-02-08 12:56:01', NULL),
(146, 7, 16, ' TABLET XIAOMI PAD 5 11.00\" | 6GB 128GB GRAY', 'XIAOMI', 449, 500, '<font size=\"3\" face=\"arial\"><span style=\"box-sizing: inherit; margin: 0px; padding: 0px; color: rgb(46, 46, 46); vertical-align: inherit;\">Ekrani mahnitës 11 inç përmban një ritëm rifreskimi 120 Hz për efekte vizuale të qetë.&nbsp;</span><span style=\"box-sizing: inherit; margin: 0px; padding: 0px; color: rgb(46, 46, 46); vertical-align: inherit;\">I pajisur me teknologjinë True Display, Xiaomi Pad 5 rregullon automatikisht ekranin e tij për imazhe më të sakta dhe realiste bazuar në ndriçimin e ambientit.&nbsp;</span><span style=\"box-sizing: inherit; margin: 0px; padding: 0px; color: rgb(46, 46, 46); vertical-align: inherit;\">I mbështetur nga Ekrani i Dritës së Diellit, Xiaomi Pad 5 i lejon përdoruesit të shohin imazhe të qarta dhe të qarta edhe në rrezet e diellit të shndritshme.</span><br></font><div><span style=\"box-sizing: inherit; margin: 0px; padding: 0px; color: rgb(46, 46, 46); vertical-align: inherit;\"><font size=\"3\" style=\"\" face=\"arial\"><span style=\"box-sizing: inherit; margin: 0px; padding: 0px; vertical-align: inherit;\">Një përvojë vizuale kinematografike, që nga momenti kur ekrani i Mi Pad 5 ndizet, ju do të zhyteni në një botë ngjyrash të gjalla.&nbsp;</span><span style=\"box-sizing: inherit; margin: 0px; padding: 0px; vertical-align: inherit;\">Mbështetja e Dolby Vision dhe ngjyrat natyrale me rezolucion të lartë ofrojnë një përvojë të mrekullueshme vizuale me fotografi, lojëra dhe filma.</span></font><br></span></div>', 'x.png', 'xx.png', 'xxx.png', 3, 'Out of Stock', '2023-02-08 13:17:52', NULL);

-- --------------------------------------------------------

--
-- Table structure for table `subcategory`
--

CREATE TABLE `subcategory` (
  `id` int(11) NOT NULL,
  `categoryid` int(11) DEFAULT NULL,
  `subcategory` varchar(255) DEFAULT NULL,
  `creationDate` timestamp NULL DEFAULT current_timestamp(),
  `updationDate` varchar(255) DEFAULT NULL
) ENGINE=InnoDB DEFAULT CHARSET=latin1;

--
-- Dumping data for table `subcategory`
--

INSERT INTO `subcategory` (`id`, `categoryid`, `subcategory`, `creationDate`, `updationDate`) VALUES
(13, 7, 'Laptop', '2023-01-19 16:40:14', NULL),
(14, 7, 'Pajisje Rrjeti', '2023-01-19 16:41:19', NULL),
(15, 7, 'Desktop', '2023-01-19 16:41:27', NULL),
(16, 7, 'Celular & Tablet', '2023-01-19 16:41:40', '27-01-2023 03:24:51 AM'),
(17, 7, 'Print', '2023-01-19 16:41:46', NULL),
(18, 7, 'Projektor', '2023-01-19 16:41:53', NULL),
(19, 8, 'Rrobalarëse', '2023-01-30 16:57:23', NULL),
(20, 8, 'Frigorifer', '2023-01-30 16:57:44', NULL),
(21, 8, 'Shporet', '2023-01-30 16:57:58', NULL),
(22, 8, 'Enëlarëse', '2023-01-30 16:58:20', NULL),
(23, 8, 'Friz', '2023-01-30 16:58:48', NULL),
(24, 9, 'Kamera', '2023-02-07 14:42:54', NULL),
(25, 9, 'Audio', '2023-02-07 14:43:04', NULL);

-- --------------------------------------------------------

--
-- Table structure for table `userlog`
--

CREATE TABLE `userlog` (
  `id` int(11) NOT NULL,
  `userEmail` varchar(255) DEFAULT NULL,
  `userip` binary(16) DEFAULT NULL,
  `loginTime` timestamp NULL DEFAULT current_timestamp(),
  `logout` varchar(255) DEFAULT NULL,
  `status` int(11) DEFAULT NULL
) ENGINE=InnoDB DEFAULT CHARSET=latin1;

--
-- Dumping data for table `userlog`
--

INSERT INTO `userlog` (`id`, `userEmail`, `userip`, `loginTime`, `logout`, `status`) VALUES
(29, 'dt63245@ubt-uni.net', 0x3138352e3137312e36332e3134370000, '2023-02-08 08:19:39', NULL, 0),
(30, 'dt63245@ubt-uni.net', 0x3138352e3137312e36332e3134370000, '2023-02-08 09:09:43', '08-02-2023 06:04:00 PM', 1),
(31, 'klodi@gmail.com', 0x3138352e3137312e36332e3134370000, '2023-02-08 16:33:27', NULL, 1),
(32, 'klodi@gmail.com', 0x34362e39392e3132302e313235000000, '2023-02-08 16:35:38', '08-02-2023 10:10:16 PM', 1),
(33, 'dt63245@ubt-uni.net', 0x3138352e3137312e36332e3134370000, '2023-02-08 16:37:48', NULL, 0),
(34, 'tahiridea@outlook.com', 0x3138352e3137312e36332e3134370000, '2023-02-08 16:40:44', NULL, 1);

-- --------------------------------------------------------

--
-- Table structure for table `users`
--

CREATE TABLE `users` (
  `id` int(11) NOT NULL,
  `name` varchar(255) DEFAULT NULL,
  `email` varchar(255) DEFAULT NULL,
  `contactno` bigint(11) DEFAULT NULL,
  `password` varchar(255) DEFAULT NULL,
  `shippingAddress` longtext DEFAULT NULL,
  `shippingState` varchar(255) DEFAULT NULL,
  `shippingCity` varchar(255) DEFAULT NULL,
  `shippingPincode` int(11) DEFAULT NULL,
  `billingAddress` longtext DEFAULT NULL,
  `billingState` varchar(255) DEFAULT NULL,
  `billingCity` varchar(255) DEFAULT NULL,
  `billingPincode` int(11) DEFAULT NULL,
  `regDate` timestamp NOT NULL DEFAULT current_timestamp(),
  `updationDate` varchar(255) DEFAULT NULL
) ENGINE=InnoDB DEFAULT CHARSET=latin1;

--
-- Dumping data for table `users`
--

INSERT INTO `users` (`id`, `name`, `email`, `contactno`, `password`, `shippingAddress`, `shippingState`, `shippingCity`, `shippingPincode`, `billingAddress`, `billingState`, `billingCity`, `billingPincode`, `regDate`, `updationDate`) VALUES
(7, 'Dea', 'dt63245@ubt-uni.net', 45444555, '25d55ad283aa400af464c76d713c07ad', NULL, NULL, NULL, NULL, NULL, NULL, NULL, NULL, '2023-02-08 09:09:19', NULL),
(8, 'Klodian Pulaj', 'klodi@gmail.com', 123456, '81dc9bdb52d04dc20036dbd8313ed055', '123', '123', '123', 123, '123', '123', '123', 1233, '2023-02-08 16:33:18', NULL),
(9, 'Dea', 'tahiridea@outlook.com', 44555666, 'b4fbdc78421be06f394bf48a44f55801', 'suhareke', '1', 'd', 1, '1', '1', '1', 1, '2023-02-08 16:40:02', NULL);

-- --------------------------------------------------------

--
-- Table structure for table `wishlist`
--

CREATE TABLE `wishlist` (
  `id` int(11) NOT NULL,
  `userId` int(11) DEFAULT NULL,
  `productId` int(11) DEFAULT NULL,
  `postingDate` timestamp NOT NULL DEFAULT current_timestamp()
) ENGINE=InnoDB DEFAULT CHARSET=latin1;

--
-- Dumping data for table `wishlist`
--

INSERT INTO `wishlist` (`id`, `userId`, `productId`, `postingDate`) VALUES
(1, 1, 0, '2017-02-27 18:53:17');

--
-- Indexes for dumped tables
--

--
-- Indexes for table `admin`
--
ALTER TABLE `admin`
  ADD PRIMARY KEY (`id`);

--
-- Indexes for table `category`
--
ALTER TABLE `category`
  ADD PRIMARY KEY (`id`);

--
-- Indexes for table `orders`
--
ALTER TABLE `orders`
  ADD PRIMARY KEY (`id`);

--
-- Indexes for table `ordertrackhistory`
--
ALTER TABLE `ordertrackhistory`
  ADD PRIMARY KEY (`id`);

--
-- Indexes for table `productreviews`
--
ALTER TABLE `productreviews`
  ADD PRIMARY KEY (`id`);

--
-- Indexes for table `products`
--
ALTER TABLE `products`
  ADD PRIMARY KEY (`id`);

--
-- Indexes for table `subcategory`
--
ALTER TABLE `subcategory`
  ADD PRIMARY KEY (`id`);

--
-- Indexes for table `userlog`
--
ALTER TABLE `userlog`
  ADD PRIMARY KEY (`id`);

--
-- Indexes for table `users`
--
ALTER TABLE `users`
  ADD PRIMARY KEY (`id`);

--
-- Indexes for table `wishlist`
--
ALTER TABLE `wishlist`
  ADD PRIMARY KEY (`id`);

--
-- AUTO_INCREMENT for dumped tables
--

--
-- AUTO_INCREMENT for table `admin`
--
ALTER TABLE `admin`
  MODIFY `id` int(11) NOT NULL AUTO_INCREMENT, AUTO_INCREMENT=2;

--
-- AUTO_INCREMENT for table `category`
--
ALTER TABLE `category`
  MODIFY `id` int(11) NOT NULL AUTO_INCREMENT, AUTO_INCREMENT=10;

--
-- AUTO_INCREMENT for table `orders`
--
ALTER TABLE `orders`
  MODIFY `id` int(11) NOT NULL AUTO_INCREMENT, AUTO_INCREMENT=15;

--
-- AUTO_INCREMENT for table `ordertrackhistory`
--
ALTER TABLE `ordertrackhistory`
  MODIFY `id` int(11) NOT NULL AUTO_INCREMENT, AUTO_INCREMENT=17;

--
-- AUTO_INCREMENT for table `productreviews`
--
ALTER TABLE `productreviews`
  MODIFY `id` int(11) NOT NULL AUTO_INCREMENT, AUTO_INCREMENT=8;

--
-- AUTO_INCREMENT for table `products`
--
ALTER TABLE `products`
  MODIFY `id` int(11) NOT NULL AUTO_INCREMENT, AUTO_INCREMENT=149;

--
-- AUTO_INCREMENT for table `subcategory`
--
ALTER TABLE `subcategory`
  MODIFY `id` int(11) NOT NULL AUTO_INCREMENT, AUTO_INCREMENT=26;

--
-- AUTO_INCREMENT for table `userlog`
--
ALTER TABLE `userlog`
  MODIFY `id` int(11) NOT NULL AUTO_INCREMENT, AUTO_INCREMENT=35;

--
-- AUTO_INCREMENT for table `users`
--
ALTER TABLE `users`
  MODIFY `id` int(11) NOT NULL AUTO_INCREMENT, AUTO_INCREMENT=10;

--
-- AUTO_INCREMENT for table `wishlist`
--
ALTER TABLE `wishlist`
  MODIFY `id` int(11) NOT NULL AUTO_INCREMENT, AUTO_INCREMENT=2;
COMMIT;

/*!40101 SET CHARACTER_SET_CLIENT=@OLD_CHARACTER_SET_CLIENT */;
/*!40101 SET CHARACTER_SET_RESULTS=@OLD_CHARACTER_SET_RESULTS */;
/*!40101 SET COLLATION_CONNECTION=@OLD_COLLATION_CONNECTION */;
